{"dense_w0_hist":{"bins":[-0.3199272155761719,-0.31006720662117004,-0.3002071976661682,-0.2903471887111664,-0.28048717975616455,-0.2706271708011627,-0.2607671916484833,-0.25090718269348145,-0.24104717373847961,-0.23118716478347778,-0.22132715582847595,-0.21146714687347412,-0.2016071379184723,-0.19174712896347046,-0.18188713490962982,-0.172027125954628,-0.16216711699962616,-0.15230710804462433,-0.1424470990896225,-0.13258710503578186,-0.12272709608078003,-0.1128670871257782,-0.10300707817077637,-0.09314707666635513,-0.0832870677113533,-0.07342705875635147,-0.06356705725193024,-0.053707048296928406,-0.04384704306721687,-0.03398703783750534,-0.02412703074514866,-0.014267024584114552,-0.004407018423080444,0.005452987737953663,0.01531299389898777,0.025173000991344452,0.035033006221055984,0.04489301145076752,0.05475302040576935,0.06461302191019058,0.07447303086519241,0.08433303982019424,0.09419304132461548,0.10405305027961731,0.11391305923461914,0.12377306073904037,0.1336330622434616,0.14349307119846344,0.15335308015346527,0.1632130891084671,0.17307309806346893,0.18293309211730957,0.1927931010723114,0.20265311002731323,0.21251311898231506,0.2223731279373169,0.23223313689231873,0.24209313094615936,0.2519531548023224,0.26181313395500183,0.27167314291000366,0.2815331518650055,0.2913931608200073,0.30125316977500916,0.311113178730011],"_type":"histogram","values":[2,0,1,1,1,2,0,0,0,0,2,0,3,1,2,0,0,1,1,1,2,1,0,0,1,1,0,2,2,0,2,1,1,0,0,1,1,3,1,1,0,0,1,1,0,0,0,3,2,2,3,4,2,1,0,1,1,1,2,1,0,0,0,1]},"dense_1_w1_hist":{"_type":"histogram","values":[0,0,0,0,0,0,0,0,0,0,0,0,0,0,0,0,0,0,0,0,0,0,0,0,0,0,0,0,0,0,0,0,1,0,0,0,0,0,0,0,0,0,0,0,0,0,0,0,0,0,0,0,0,0,0,0,0,0,0,0,0,0,0,0],"bins":[-0.4801802635192871,-0.4645552635192871,-0.4489302635192871,-0.4333052635192871,-0.4176802635192871,-0.4020552635192871,-0.3864302635192871,-0.3708052635192871,-0.3551802635192871,-0.3395552635192871,-0.3239302635192871,-0.3083052635192871,-0.2926802635192871,-0.2770552635192871,-0.2614302635192871,-0.2458052635192871,-0.2301802635192871,-0.2145552635192871,-0.1989302635192871,-0.1833052635192871,-0.1676802635192871,-0.1520552635192871,-0.1364302635192871,-0.12080526351928711,-0.10518026351928711,-0.08955526351928711,-0.07393026351928711,-0.05830526351928711,-0.04268026351928711,-0.02705526538193226,-0.011430265381932259,0.004194734618067741,0.01981973461806774,0.03544473648071289,0.05106973648071289,0.06669473648071289,0.08231973648071289,0.09794473648071289,0.11356973648071289,0.1291947364807129,0.1448197364807129,0.1604447364807129,0.1760697364807129,0.1916947364807129,0.2073197364807129,0.2229447364807129,0.2385697364807129,0.2541947364807129,0.2698197364807129,0.2854447364807129,0.3010697364807129,0.3166947364807129,0.3323197364807129,0.3479447364807129,0.3635697364807129,0.3791947364807129,0.3948197364807129,0.4104447364807129,0.4260697364807129,0.4416947364807129,0.4573197364807129,0.4729447364807129,0.4885697364807129,0.5041947364807129,0.5198197364807129]},"predictions_plot":{"format":"png","width":640,"height":480,"_type":"image-file","sha256":"8890a8a1729543a73d370a9a9b7029b4196fee153328827a8c6fae64d102c202","size":35508,"path":"media/images/predictions_plot_250_8890a8a1729543a73d37.png"},"val_loss":0.5173763036727905,"_timestamp":1.748335795833952e+09,"dense_1_w0_hist":{"values":[2,0,0,1,0,0,2,0,6,1,3,2,0,0,1,0,2,1,1,3,0,1,0,0,2,0,1,0,2,0,3,1,2,1,2,1,2,0,3,0,1,0,1,0,1,1,0,1,2,1,0,1,0,0,0,0,0,3,1,1,1,1,1,1],"bins":[-0.3024875819683075,-0.2926919460296631,-0.28289633989334106,-0.27310070395469666,-0.26330509781837463,-0.2535094618797302,-0.243713840842247,-0.2339182198047638,-0.22412259876728058,-0.21432697772979736,-0.20453135669231415,-0.19473573565483093,-0.18494011461734772,-0.1751444935798645,-0.1653488725423813,-0.15555325150489807,-0.14575761556625366,-0.13596199452877045,-0.12616637349128723,-0.11637075245380402,-0.1065751314163208,-0.09677951037883759,-0.08698388934135437,-0.07718826830387115,-0.06739264726638794,-0.057597022503614426,-0.04780139774084091,-0.0380057767033577,-0.028210153803229332,-0.018414530903100967,-0.008618908934295177,0.0011767135001718998,0.010972335934638977,0.02076795883476734,0.030563581734895706,0.04035920277237892,0.050154827535152435,0.05995044857263565,0.06974606961011887,0.07954169064760208,0.0893373191356659,0.09913294017314911,0.10892856121063232,0.11872418224811554,0.12851980328559875,0.13831542432308197,0.14811104536056519,0.1579066663980484,0.16770228743553162,0.17749792337417603,0.18729354441165924,0.19708916544914246,0.20688478648662567,0.2166804075241089,0.2264760285615921,0.23627164959907532,0.24606727063655853,0.25586289167404175,0.26565852761268616,0.2754541337490082,0.2852497696876526,0.2950453758239746,0.304841011762619,0.31463661789894104,0.32443225383758545],"_type":"histogram"},"_runtime":2.548316,"_step":250,"epoch":50,"_wandb":{"runtime":2},"dense_w1_hist":{"bins":[-0.026974985376000404,-0.026149341836571693,-0.02532370015978813,-0.02449805662035942,-0.02367241308093071,-0.022846769541502,-0.022021127864718437,-0.021195484325289726,-0.020369840785861015,-0.019544199109077454,-0.018718555569648743,-0.017892912030220032,-0.01706726849079132,-0.01624162681400776,-0.015415983274579048,-0.014590339735150337,-0.013764697127044201,-0.012939054518938065,-0.012113410979509354,-0.011287768371403217,-0.010462124831974506,-0.00963648222386837,-0.008810838684439659,-0.007985196076333523,-0.007159553002566099,-0.0063339099287986755,-0.005508266855031252,-0.004682623781263828,-0.0038569809403270483,-0.0030313378665596247,-0.0022056950256228447,-0.001380051951855421,-0.0005544088780879974,0.0002712341374717653,0.001096877153031528,0.0019225201103836298,0.0027481631841510534,0.003573806257918477,0.004399449098855257,0.005225092172622681,0.006050735246390104,0.006876378320157528,0.0077020213939249516,0.008527664467692375,0.009353307075798512,0.010178950615227222,0.011004593223333359,0.01183023676276207,0.012655879370868206,0.013481521978974342,0.014307165518403053,0.01513280812650919,0.015958450734615326,0.016784094274044037,0.017609737813472748,0.01843538135290146,0.01926102302968502,0.02008666656911373,0.020912310108542442,0.021737951785326004,0.022563595324754715,0.023389238864183426,0.024214882403612137,0.0250405240803957,0.02586616761982441],"_type":"histogram","values":[2,13,0,0,0,1,1,0,0,0,0,0,0,0,0,0,0,0,0,1,0,0,0,0,0,1,6,3,1,0,0,0,2,0,2,1,4,8,0,0,0,0,0,0,0,0,0,0,0,0,0,0,0,0,0,0,1,0,0,0,1,0,2,14]},"train_loss":0.4379647970199585}