{"epoch":100,"loss":0.13330528140068054,"_wandb":{"runtime":3},"_timestamp":1.748248606649765e+09,"_runtime":3.769514,"_step":99}