{"_wandb":{"runtime":2},"_step":250,"val_loss":0.6252317428588867,"dense_1_w0_hist":{"_type":"histogram","values":[1,1,0,3,1,2,1,1,0,4,1,0,1,2,0,2,0,1,2,0,2,1,1,1,1,0,0,0,0,0,2,2,2,1,1,1,3,1,0,0,1,2,0,0,1,1,0,0,1,1,1,0,2,0,0,2,1,1,1,5,1,0,0,1],"bins":[-0.30011066794395447,-0.2906898260116577,-0.2812689542770386,-0.2718481123447418,-0.2624272406101227,-0.2530063986778259,-0.24358554184436798,-0.23416469991207123,-0.22474384307861328,-0.21532298624515533,-0.2059021294116974,-0.19648127257823944,-0.1870604306459427,-0.17763957381248474,-0.1682187169790268,-0.15879786014556885,-0.1493770182132721,-0.13995616137981415,-0.1305353045463562,-0.12111444771289825,-0.1116935983300209,-0.10227274149656296,-0.09285189211368561,-0.08343103528022766,-0.07401017844676971,-0.06458932906389236,-0.055168475955724716,-0.04574762284755707,-0.03632676601409912,-0.026905914768576622,-0.017485059797763824,-0.008064206689596176,0.0013566464185714722,0.01077749952673912,0.02019835263490677,0.029619207605719566,0.039040058851242065,0.04846091568470001,0.05788176879286766,0.06730262190103531,0.07672347128391266,0.0861443281173706,0.09556518495082855,0.1049860343337059,0.11440689116716385,0.1238277405500412,0.13324859738349915,0.1426694542169571,0.15209031105041504,0.1615111529827118,0.17093200981616974,0.18035286664962769,0.18977372348308563,0.19919456541538239,0.20861542224884033,0.21803627908229828,0.22745713591575623,0.23687799274921417,0.24629883468151093,0.25571969151496887,0.2651405334472656,0.27456140518188477,0.2839822471141815,0.29340311884880066,0.3028239607810974]},"_timestamp":1.7483434249996412e+09,"train_loss":0.6220451593399048,"predictions_plot":{"size":37251,"path":"media/images/predictions_plot_250_20a8c4b1fbf2c99b2b79.png","format":"png","width":640,"height":480,"_type":"image-file","sha256":"20a8c4b1fbf2c99b2b79b5e06bc9f8d762b3e089f02db8a2121d7162bcc77d2c"},"_runtime":2.373839,"dense_1_w1_hist":{"_type":"histogram","values":[0,0,0,0,0,0,0,0,0,0,0,0,0,0,0,0,0,0,0,0,0,0,0,0,0,0,0,0,0,0,0,0,1,0,0,0,0,0,0,0,0,0,0,0,0,0,0,0,0,0,0,0,0,0,0,0,0,0,0,0,0,0,0,0],"bins":[-0.49494513869285583,-0.47932013869285583,-0.46369513869285583,-0.44807013869285583,-0.43244513869285583,-0.41682013869285583,-0.40119513869285583,-0.38557013869285583,-0.36994513869285583,-0.35432013869285583,-0.33869513869285583,-0.32307013869285583,-0.30744513869285583,-0.29182013869285583,-0.27619513869285583,-0.26057013869285583,-0.24494515359401703,-0.22932015359401703,-0.21369515359401703,-0.19807015359401703,-0.18244515359401703,-0.16682015359401703,-0.15119515359401703,-0.13557015359401703,-0.11994515359401703,-0.10432015359401703,-0.08869515359401703,-0.07307015359401703,-0.05744515359401703,-0.04182015359401703,-0.02619515359401703,-0.010570152662694454,0.005054847337305546,0.02067984640598297,0.03630484640598297,0.05192984640598297,0.06755484640598297,0.08317984640598297,0.09880484640598297,0.11442984640598297,0.13005484640598297,0.14567984640598297,0.16130484640598297,0.17692984640598297,0.19255484640598297,0.20817984640598297,0.22380484640598297,0.23942984640598297,0.25505486130714417,0.27067986130714417,0.28630486130714417,0.30192986130714417,0.31755486130714417,0.33317986130714417,0.34880486130714417,0.36442986130714417,0.38005486130714417,0.39567986130714417,0.41130486130714417,0.42692986130714417,0.44255486130714417,0.45817986130714417,0.47380486130714417,0.48942986130714417,0.5050548315048218]},"epoch":50,"dense_w0_hist":{"_type":"histogram","values":[2,2,2,1,0,2,0,0,1,0,2,1,0,1,1,0,2,0,0,2,1,4,1,2,2,0,0,1,2,0,0,2,3,1,0,0,0,1,0,0,0,1,2,0,2,1,1,0,0,2,2,1,1,2,1,1,1,1,1,2,2,0,0,1],"bins":[-0.2870604395866394,-0.27792102098464966,-0.2687815725803375,-0.2596421539783478,-0.25050270557403564,-0.2413632869720459,-0.23222385346889496,-0.2230844348669052,-0.21394500136375427,-0.20480556786060333,-0.1956661343574524,-0.18652670085430145,-0.1773872822523117,-0.16824784874916077,-0.15910841524600983,-0.1499689817428589,-0.14082956314086914,-0.1316901296377182,-0.12255069613456726,-0.11341126263141632,-0.10427183657884598,-0.09513240307569504,-0.0859929770231247,-0.07685354351997375,-0.06771411001682281,-0.05857468396425247,-0.04943525418639183,-0.04029582440853119,-0.031156392768025398,-0.022016962990164757,-0.01287753228098154,-0.003738102037459612,0.005401328206062317,0.014540757983922958,0.0236801877617836,0.03281961753964424,0.04195904731750488,0.05109848082065582,0.060237910598516464,0.0693773403763771,0.07851676642894745,0.08765619993209839,0.09679563343524933,0.10593505948781967,0.11507449299097061,0.12421391904354095,0.1333533525466919,0.14249278604984283,0.15163221955299377,0.16077163815498352,0.16991107165813446,0.1790505051612854,0.18818993866443634,0.1973293572664261,0.20646879076957703,0.21560822427272797,0.2247476577758789,0.23388709127902985,0.2430265098810196,0.25216594338417053,0.2613053619861603,0.2704448103904724,0.27958422899246216,0.2887236773967743,0.29786309599876404]},"dense_w1_hist":{"bins":[-0.0049696872010827065,-0.004807255696505308,-0.00464482419192791,-0.004482392221689224,-0.004319960717111826,-0.004157529212534428,-0.003995097707957029,-0.003832666203379631,-0.003670234465971589,-0.003507802961394191,-0.0033453714568167925,-0.0031829397194087505,-0.0030205082148313522,-0.002858076710253954,-0.002695644972845912,-0.0025332134682685137,-0.0023707817308604717,-0.0022083502262830734,-0.002045918721705675,-0.001883487100712955,-0.0017210554797202349,-0.0015586239751428366,-0.0013961923541501164,-0.0012337607331573963,-0.001071329228579998,-0.0009088976075872779,-0.0007464659865945578,-0.0005840344238094985,-0.0004216028319206089,-0.0002591712400317192,-9.673966269474477e-05,6.569192191818729e-05,0.00022812350653111935,0.000390555098420009,0.0005529866903088987,0.0007154182530939579,0.000877849874086678,0.0010402813786640763,0.0012027129996567965,0.0013651446206495166,0.0015275762416422367,0.001690007746219635,0.0018524393672123551,0.0020148709882050753,0.0021773024927824736,0.002339733997359872,0.002502165734767914,0.002664597239345312,0.0028270287439227104,0.0029894604813307524,0.0031518919859081507,0.0033143237233161926,0.003476755227893591,0.0036391867324709892,0.003801618469879031,0.003964049741625786,0.0041264817118644714,0.00428891321644187,0.004451344721019268,0.004613776225596666,0.004776207730174065,0.004938639234751463,0.0051010712049901485,0.005263502709567547,0.005425934214144945],"_type":"histogram","values":[31,0,2,0,1,0,1,0,0,0,0,0,0,0,0,0,0,0,0,0,0,0,0,0,0,0,0,0,0,0,0,0,0,0,0,0,0,0,0,0,0,0,0,0,0,0,0,0,0,0,0,0,0,0,0,0,1,0,0,0,0,24,2,2]}}