{"dense_1_w1_hist":{"_type":"histogram","values":[0,0,0,0,0,0,0,0,0,0,0,0,0,0,0,0,0,0,0,0,0,0,0,0,0,0,0,0,0,0,0,0,1,0,0,0,0,0,0,0,0,0,0,0,0,0,0,0,0,0,0,0,0,0,0,0,0,0,0,0,0,0,0,0],"bins":[-0.4950164258480072,-0.4793914258480072,-0.4637664258480072,-0.4481414258480072,-0.4325164258480072,-0.4168914258480072,-0.4012664258480072,-0.3856414258480072,-0.3700164258480072,-0.3543914258480072,-0.3387664258480072,-0.3231414258480072,-0.3075164258480072,-0.2918914258480072,-0.2762664258480072,-0.2606414258480072,-0.2450164258480072,-0.2293914258480072,-0.2137664258480072,-0.1981414258480072,-0.1825164258480072,-0.1668914258480072,-0.1512664258480072,-0.1356414258480072,-0.1200164183974266,-0.1043914183974266,-0.0887664183974266,-0.0731414183974266,-0.057516418397426605,-0.041891418397426605,-0.026266420260071754,-0.010641420260071754,0.0049835797399282455,0.020608579739928246,0.036233581602573395,0.051858581602573395,0.0674835816025734,0.0831085816025734,0.0987335816025734,0.1143585816025734,0.1299835741519928,0.1456085741519928,0.1612335741519928,0.1768585741519928,0.1924835741519928,0.2081085741519928,0.2237335741519928,0.2393585741519928,0.2549835741519928,0.2706085741519928,0.2862335741519928,0.3018585741519928,0.3174835741519928,0.3331085741519928,0.3487335741519928,0.3643585741519928,0.3799835741519928,0.3956085741519928,0.4112335741519928,0.4268585741519928,0.4424835741519928,0.4581085741519928,0.4737335741519928,0.4893585741519928,0.5049836039543152]},"_wandb":{"runtime":2},"_timestamp":1.7483358172794409e+09,"dense_w1_hist":{"bins":[-0.02772527188062668,-0.026875164359807968,-0.026025056838989258,-0.025174947455525398,-0.024324839934706688,-0.023474732413887978,-0.022624624893069267,-0.021774517372250557,-0.020924407988786697,-0.020074300467967987,-0.019224192947149277,-0.018374085426330566,-0.017523977905511856,-0.016673868522047997,-0.015823761001229286,-0.014973653480410576,-0.014123545959591866,-0.01327343750745058,-0.01242332998663187,-0.011573221534490585,-0.010723114013671875,-0.00987300556153059,-0.00902289804071188,-0.00817279051989317,-0.0073226820677518845,-0.006472574546933174,-0.0056224665604531765,-0.004772358573973179,-0.003922250587493181,-0.0030721428338438272,-0.0022220348473638296,-0.0013719269772991538,-0.000521819107234478,0.00032828879193402827,0.0011783966328948736,0.0020285046193748713,0.0028786123730242252,0.003728720359504223,0.0045788283459842205,0.005428936332464218,0.0062790438532829285,0.007129151839762926,0.007979259826242924,0.008829367347061634,0.009679475799202919,0.01052958332002163,0.011379691772162914,0.012229799292981625,0.01307990774512291,0.01393001526594162,0.01478012278676033,0.01563023030757904,0.0164803396910429,0.01733044721186161,0.01818055473268032,0.01903066225349903,0.01988076977431774,0.0207308791577816,0.02158098667860031,0.02243109419941902,0.023281201720237732,0.024131309241056442,0.024981418624520302,0.025831526145339012,0.026681633666157722],"_type":"histogram","values":[17,13,1,0,1,0,0,0,26,7,4,0,1,0,0,1,1,1,0,1,0,0,0,0,2,0,0,0,0,0,0,0,0,1,0,0,0,0,0,0,0,0,0,0,0,0,0,0,0,0,0,0,0,0,0,0,1,3,10,7,0,1,3,26]},"epoch":50,"val_loss":0.424937903881073,"train_loss":0.41755351424217224,"predictions_plot":{"path":"media/images/predictions_plot_250_697d38c9f7826e831ed9.png","format":"png","width":640,"height":480,"_type":"image-file","sha256":"697d38c9f7826e831ed9248be84202259a8adc410a18845cabc5ea14b14b92c1","size":35724},"_runtime":2.327994,"dense_w0_hist":{"bins":[-0.2133919894695282,-0.20660871267318726,-0.1998254507780075,-0.19304217398166656,-0.18625891208648682,-0.17947563529014587,-0.17269237339496613,-0.16590909659862518,-0.15912583470344543,-0.1523425579071045,-0.14555929601192474,-0.1387760192155838,-0.13199274241924286,-0.1252094805240631,-0.11842621117830276,-0.11164294183254242,-0.10485966503620148,-0.09807639569044113,-0.09129312634468079,-0.08450985699892044,-0.0777265876531601,-0.07094331830739975,-0.0641600489616394,-0.05737677961587906,-0.05059351027011871,-0.04381023719906807,-0.037026967853307724,-0.03024369850754738,-0.023460429161787033,-0.01667715795338154,-0.009893888607621193,-0.003110618097707629,0.003672651946544647,0.010455922223627567,0.017239192500710487,0.024022461846470833,0.030805733054876328,0.03758900240063667,0.04437227174639702,0.051155541092157364,0.05793881416320801,0.06472208350896835,0.0715053528547287,0.07828862220048904,0.08507189154624939,0.09185516089200974,0.09863843023777008,0.10542169958353043,0.11220496892929077,0.11898824572563171,0.12577150762081146,0.1325547844171524,0.13933804631233215,0.1461213231086731,0.15290459990501404,0.1596878618001938,0.16647113859653473,0.17325440049171448,0.18003767728805542,0.18682093918323517,0.1936042159795761,0.20038747787475586,0.2071707546710968,0.21395401656627655,0.2207372933626175],"_type":"histogram","values":[1,3,1,2,1,2,7,2,2,1,1,4,1,4,0,0,2,1,2,4,5,0,2,1,1,3,1,3,4,4,0,2,0,2,2,2,6,2,1,1,4,2,1,1,5,3,2,2,3,2,2,0,2,0,0,4,2,2,2,2,2,0,0,2]},"_step":250,"dense_1_w0_hist":{"_type":"histogram","values":[6,3,3,2,1,5,1,2,2,2,1,3,2,1,4,2,1,3,1,4,3,1,5,4,4,2,1,2,1,1,2,1,3,0,0,2,4,1,1,0,3,5,2,3,0,0,2,2,2,0,5,1,0,2,0,1,2,2,1,0,1,2,2,3],"bins":[-0.20653623342514038,-0.19982285797595978,-0.19310948252677917,-0.18639609217643738,-0.17968271672725677,-0.17296934127807617,-0.16625596582889557,-0.15954257547855377,-0.15282920002937317,-0.14611582458019257,-0.13940244913101196,-0.13268907368183136,-0.12597568333148956,-0.11926230788230896,-0.11254893243312836,-0.10583554953336716,-0.09912217408418655,-0.09240879863500595,-0.08569541573524475,-0.07898204028606415,-0.07226865738630295,-0.06555528193712234,-0.058841902762651443,-0.05212852358818054,-0.04541514441370964,-0.03870176523923874,-0.03198838606476784,-0.025275008752942085,-0.018561629578471184,-0.011848250404000282,-0.005134872160851955,0.0015785065479576588,0.008291885256767273,0.015005264431238174,0.021718643605709076,0.028432020917534828,0.03514540195465088,0.04185877740383148,0.04857215657830238,0.055285535752773285,0.061998914927244186,0.06871229410171509,0.07542566955089569,0.08213905245065689,0.0888524278998375,0.0955658107995987,0.1022791862487793,0.1089925691485405,0.1157059445977211,0.1224193200469017,0.1291327029466629,0.1358460783958435,0.1425594538450241,0.1492728441953659,0.1559862196445465,0.1626995950937271,0.16941297054290771,0.17612634599208832,0.18283973634243011,0.18955311179161072,0.19626648724079132,0.20297986268997192,0.20969325304031372,0.21640662848949432,0.22312000393867493]}}