{"dense_1_w1_hist":{"_type":"histogram","values":[0,0,0,0,0,0,0,0,0,0,0,0,0,0,0,0,0,0,0,0,0,0,0,0,0,0,0,0,0,0,0,0,1,0,0,0,0,0,0,0,0,0,0,0,0,0,0,0,0,0,0,0,0,0,0,0,0,0,0,0,0,0,0,0],"bins":[-0.48136699199676514,-0.46574199199676514,-0.45011699199676514,-0.43449199199676514,-0.41886699199676514,-0.40324199199676514,-0.38761699199676514,-0.37199199199676514,-0.35636699199676514,-0.34074199199676514,-0.32511699199676514,-0.30949199199676514,-0.29386699199676514,-0.27824199199676514,-0.26261699199676514,-0.24699200689792633,-0.23136700689792633,-0.21574200689792633,-0.20011700689792633,-0.18449200689792633,-0.16886700689792633,-0.15324200689792633,-0.13761700689792633,-0.12199200689792633,-0.10636700689792633,-0.09074200689792633,-0.07511700689792633,-0.05949200317263603,-0.04386700317263603,-0.028242003172636032,-0.012617003172636032,0.003007996827363968,0.018632996827363968,0.03425799682736397,0.04988299682736397,0.06550799310207367,0.08113299310207367,0.09675799310207367,0.11238299310207367,0.12800799310207367,0.14363299310207367,0.15925799310207367,0.17488299310207367,0.19050799310207367,0.20613299310207367,0.22175799310207367,0.23738299310207367,0.25300800800323486,0.26863300800323486,0.28425800800323486,0.29988300800323486,0.31550800800323486,0.33113300800323486,0.34675800800323486,0.36238300800323486,0.37800800800323486,0.39363300800323486,0.40925800800323486,0.42488300800323486,0.44050800800323486,0.45613300800323486,0.47175800800323486,0.48738300800323486,0.5030080080032349,0.5186330080032349]},"_timestamp":1.748336585353428e+09,"_step":250,"epoch":50,"val_loss":0.45405125617980957,"dense_w0_hist":{"bins":[-0.23078644275665283,-0.22384244203567505,-0.21689844131469727,-0.20995444059371948,-0.2030104398727417,-0.19606642425060272,-0.18912242352962494,-0.18217842280864716,-0.17523442208766937,-0.1682904213666916,-0.1613464206457138,-0.15440241992473602,-0.14745841920375824,-0.14051441848278046,-0.13357040286064148,-0.1266264021396637,-0.11968240141868591,-0.11273840069770813,-0.10579439997673035,-0.09885039925575256,-0.09190639853477478,-0.0849623903632164,-0.07801838964223862,-0.07107438892126083,-0.06413038820028305,-0.05718638375401497,-0.050242383033037186,-0.043298378586769104,-0.03635437786579132,-0.02941037528216839,-0.022466372698545456,-0.015522370114922523,-0.008578367531299591,-0.0016343651805073023,0.0053096371702849865,0.012253639288246632,0.01919764280319214,0.026141643524169922,0.033085647970438004,0.04002964869141579,0.04697365313768387,0.05391765385866165,0.060861654579639435,0.06780565530061722,0.0747496634721756,0.08169366419315338,0.08863766491413116,0.09558166563510895,0.10252566635608673,0.10946967452764511,0.1164136752486229,0.12335767596960068,0.13030168414115906,0.13724568486213684,0.14418968558311462,0.1511336863040924,0.1580776870250702,0.16502168774604797,0.17196568846702576,0.17890968918800354,0.18585370481014252,0.1927977055311203,0.19974170625209808,0.20668570697307587,0.21362970769405365],"_type":"histogram","values":[2,2,0,2,0,0,1,3,2,2,2,1,4,1,1,1,7,3,1,3,3,2,1,1,5,1,3,1,2,1,1,0,0,2,2,5,2,3,4,3,3,1,1,2,1,2,4,2,6,1,1,2,1,1,2,1,2,2,1,2,4,5,0,1]},"predictions_plot":{"format":"png","width":640,"height":480,"_type":"image-file","sha256":"08b02f1ca34225328a765304d7bc64d9284d7e9890cbaa531f67e8034e23dbb8","size":35002,"path":"media/images/predictions_plot_250_08b02f1ca34225328a76.png"},"_runtime":2.524302,"train_loss":0.4049610495567322,"dense_w1_hist":{"bins":[-0.039958056062459946,-0.038685984909534454,-0.037413910031318665,-0.03614183887839317,-0.03486976400017738,-0.03359769284725189,-0.0323256216943264,-0.03105354867875576,-0.02978147566318512,-0.02850940264761448,-0.02723732963204384,-0.025965256616473198,-0.024693185463547707,-0.023421112447977066,-0.022149039432406425,-0.020876966416835785,-0.019604895263910294,-0.018332822248339653,-0.017060749232769012,-0.015788676217198372,-0.014516604132950306,-0.013244531117379665,-0.0119724590331316,-0.010700386017560959,-0.009428313001990318,-0.008156240917742252,-0.006884168367832899,-0.005612095817923546,-0.004340022802352905,-0.0030679504852741957,-0.0017958778189495206,-0.0005238052108325064,0.0007482673972845078,0.002020339947193861,0.0032924124971032143,0.0045644850470125675,0.005836557596921921,0.007108630612492561,0.008380702696740627,0.009652775712311268,0.010924847796559334,0.012196920812129974,0.013468993827700615,0.014741065911948681,0.016013137996196747,0.017285211011767387,0.018557284027338028,0.01982935704290867,0.02110143005847931,0.0223735012114048,0.02364557422697544,0.02491764724254608,0.026189720258116722,0.027461791411042213,0.028733864426612854,0.030005937442183495,0.031278010457754135,0.032550081610679626,0.033822156488895416,0.03509422764182091,0.0363662987947464,0.03763837367296219,0.03891044482588768,0.04018251970410347,0.04145459085702896],"_type":"histogram","values":[25,6,1,2,1,0,1,0,0,0,0,1,0,0,0,6,19,5,0,0,3,0,0,0,1,0,0,1,0,1,0,0,0,0,0,0,0,0,0,0,0,1,1,5,12,14,0,0,0,0,0,0,0,0,0,0,1,0,1,1,0,3,6,10]},"dense_1_w0_hist":{"values":[3,0,2,1,2,4,4,1,1,6,1,2,1,7,2,2,3,4,3,1,5,2,3,1,5,2,4,2,1,2,2,0,0,0,0,0,0,2,3,2,1,1,3,2,2,2,3,3,3,2,1,1,2,2,2,3,0,0,2,1,0,3,2,1],"bins":[-0.20858028531074524,-0.20168627798557281,-0.1947922706604004,-0.18789827823638916,-0.18100427091121674,-0.1741102635860443,-0.1672162562608719,-0.16032224893569946,-0.15342824161052704,-0.1465342491865158,-0.13964024186134338,-0.13274623453617096,-0.12585222721099854,-0.11895821988582611,-0.11206422001123428,-0.10517021268606186,-0.09827621281147003,-0.09138220548629761,-0.08448819816112518,-0.07759419828653336,-0.07070019096136093,-0.06380618363618851,-0.05691218003630638,-0.050018176436424255,-0.04312416911125183,-0.036230165511369705,-0.02933616191148758,-0.022442156448960304,-0.015548151917755604,-0.008654147386550903,-0.0017601423896849155,0.005133862607181072,0.012027867138385773,0.018921872600913048,0.025815876200795174,0.03270988166332245,0.039603885263204575,0.046497892588377,0.053391896188259125,0.06028589978814125,0.06717990338802338,0.0740739107131958,0.08096791803836823,0.08786191791296005,0.09475592523813248,0.1016499325633049,0.10854393243789673,0.11543793976306915,0.12233194708824158,0.129225954413414,0.13611994683742523,0.14301395416259766,0.14990796148777008,0.1568019688129425,0.16369597613811493,0.17058998346328735,0.17748397588729858,0.184377983212471,0.19127199053764343,0.19816599786281586,0.20506000518798828,0.2119540125131607,0.21884800493717194,0.22574201226234436,0.23263601958751678],"_type":"histogram"},"_wandb":{"runtime":2}}