{"dense_1_w0_hist":{"bins":[-0.419059157371521,-0.40656358003616333,-0.39406800270080566,-0.3815724551677704,-0.3690768778324127,-0.35658130049705505,-0.3440857231616974,-0.3315901458263397,-0.31909459829330444,-0.3065990209579468,-0.2941034436225891,-0.28160786628723145,-0.2691122889518738,-0.2566167414188385,-0.24412116408348083,-0.23162558674812317,-0.2191300094127655,-0.20663444697856903,-0.19413886964321136,-0.1816433072090149,-0.16914772987365723,-0.15665216743946075,-0.1441565901041031,-0.13166101276874542,-0.11916545033454895,-0.10666987299919128,-0.09417430311441422,-0.08167873322963715,-0.06918316334486008,-0.05668758973479271,-0.04419201985001564,-0.03169644623994827,-0.019200876355171204,-0.006705305073410273,0.005790266208350658,0.018285837024450302,0.03078140877187252,0.04327698051929474,0.05577255040407181,0.06826812028884888,0.08076369762420654,0.09325926750898361,0.10575483739376068,0.11825040727853775,0.13074597716331482,0.14324155449867249,0.15573711693286896,0.16823269426822662,0.1807282567024231,0.19322383403778076,0.20571941137313843,0.2182149738073349,0.23071055114269257,0.24320611357688904,0.2557016909122467,0.26819726824760437,0.28069284558296204,0.2931883931159973,0.305683970451355,0.31817954778671265,0.3306751251220703,0.343170702457428,0.35566624999046326,0.3681618273258209,0.3806574046611786],"_type":"histogram","values":[2,0,1,1,0,1,0,1,1,0,3,0,1,3,1,1,1,2,1,2,1,1,1,2,2,1,2,1,1,0,0,1,0,0,0,2,0,1,0,0,0,1,0,0,0,0,1,1,4,1,2,0,2,2,2,0,0,1,1,1,2,2,1,2]},"dense_1_w1_hist":{"_type":"histogram","values":[0,0,0,0,0,0,0,0,0,0,0,0,0,0,0,0,0,0,0,0,0,0,0,0,0,0,0,0,0,0,0,0,1,0,0,0,0,0,0,0,0,0,0,0,0,0,0,0,0,0,0,0,0,0,0,0,0,0,0,0,0,0,0,0],"bins":[-0.4318923354148865,-0.4162673354148865,-0.4006423354148865,-0.3850173354148865,-0.3693923354148865,-0.3537673354148865,-0.3381423354148865,-0.3225173354148865,-0.3068923354148865,-0.2912673354148865,-0.2756423354148865,-0.2600173354148865,-0.24439235031604767,-0.22876735031604767,-0.21314235031604767,-0.19751735031604767,-0.18189235031604767,-0.16626735031604767,-0.15064235031604767,-0.13501735031604767,-0.11939235031604767,-0.10376735031604767,-0.08814235031604767,-0.07251735031604767,-0.05689235031604767,-0.04126735031604767,-0.02564235031604767,-0.010017350316047668,0.0056076496839523315,0.02123264968395233,0.03685764968395233,0.05248264968395233,0.06810764968395233,0.08373264968395233,0.09935764968395233,0.11498264968395233,0.13060764968395233,0.14623264968395233,0.16185764968395233,0.17748264968395233,0.19310764968395233,0.20873264968395233,0.22435764968395233,0.23998264968395233,0.2556076645851135,0.2712326645851135,0.2868576645851135,0.3024826645851135,0.3181076645851135,0.3337326645851135,0.3493576645851135,0.3649826645851135,0.3806076645851135,0.3962326645851135,0.4118576645851135,0.4274826645851135,0.4431076645851135,0.4587326645851135,0.4743576645851135,0.4899826645851135,0.5056076645851135,0.5212326645851135,0.5368576645851135,0.5524826645851135,0.5681076645851135]},"val_loss":0.10293195396661758,"epoch":50,"_timestamp":1.7483434147195652e+09,"_runtime":2.64708,"_wandb":{"runtime":3},"_step":250,"dense_w1_hist":{"_type":"histogram","values":[6,4,1,3,11,2,1,0,1,0,2,0,1,0,0,1,0,0,0,0,0,0,0,0,1,0,0,0,0,0,0,0,0,0,0,0,0,0,0,0,0,0,0,0,0,0,0,1,1,0,1,1,2,0,0,0,3,1,3,5,1,3,6,2],"bins":[-0.22030407190322876,-0.21347837150096893,-0.2066526710987091,-0.19982697069644928,-0.19300127029418945,-0.18617556989192963,-0.1793498694896698,-0.17252416908740997,-0.16569846868515015,-0.15887276828289032,-0.1520470678806305,-0.14522138237953186,-0.13839568197727203,-0.1315699815750122,-0.12474427372217178,-0.11791857331991196,-0.11109288036823273,-0.1042671799659729,-0.09744147956371307,-0.09061577916145325,-0.08379007875919342,-0.0769643783569336,-0.07013867795467377,-0.06331297755241394,-0.056487277150154114,-0.049661580473184586,-0.04283588007092476,-0.03601017966866493,-0.029184479266405106,-0.022358780726790428,-0.015533080324530602,-0.00870738085359335,-0.0018816813826560974,0.004944018088281155,0.011769717559218407,0.018595417961478233,0.02542111650109291,0.03224681690335274,0.039072517305612564,0.04589821770787239,0.05272391438484192,0.059549614787101746,0.06637531518936157,0.0732010155916214,0.08002671599388123,0.08685241639614105,0.09367811679840088,0.1005038172006607,0.10732951760292053,0.11415521055459976,0.12098091095685959,0.1278066188097,0.13463231921195984,0.14145801961421967,0.1482837051153183,0.15510940551757812,0.16193510591983795,0.16876080632209778,0.1755865067243576,0.18241220712661743,0.18923790752887726,0.19606360793113708,0.2028893083333969,0.20971500873565674,0.21654070913791656]},"predictions_plot":{"width":640,"height":480,"_type":"image-file","sha256":"ed97328547654994ec477771bcf5dc42bdd6b41d85c63938b4e3ec12742ec12d","size":41127,"path":"media/images/predictions_plot_250_ed97328547654994ec47.png","format":"png"},"train_loss":0.11108836531639099,"dense_w0_hist":{"bins":[-0.3336102366447449,-0.32368913292884827,-0.31376802921295166,-0.30384692549705505,-0.29392582178115845,-0.28400471806526184,-0.27408361434936523,-0.26416251063346863,-0.254241406917572,-0.24432030320167542,-0.2343991994857788,-0.2244780957698822,-0.2145569920539856,-0.204635888338089,-0.19471478462219238,-0.18479368090629578,-0.17487257719039917,-0.16495145857334137,-0.15503035485744476,-0.14510925114154816,-0.13518814742565155,-0.12526704370975494,-0.11534594744443893,-0.10542484372854233,-0.09550373256206512,-0.08558262884616852,-0.07566152513027191,-0.0657404214143753,-0.0558193176984787,-0.04589821398258209,-0.035977110266685486,-0.02605600655078888,-0.016134902834892273,-0.006213798653334379,0.0037073055282235146,0.013628410175442696,0.023549513891339302,0.03347061946988106,0.043391723185777664,0.05331282690167427,0.06323392689228058,0.07315503805875778,0.08307614177465439,0.092997245490551,0.1029183492064476,0.11283945292234421,0.12276055663824081,0.13268165290355682,0.14260277152061462,0.15252387523651123,0.16244497895240784,0.17236608266830444,0.18228718638420105,0.19220829010009766,0.20212939381599426,0.21205049753189087,0.22197160124778748,0.23189270496368408,0.2418138086795807,0.2517349123954773,0.2616560161113739,0.2715771198272705,0.2814982235431671,0.2914193272590637,0.3013404309749603],"_type":"histogram","values":[3,0,0,0,0,1,1,1,1,0,2,0,1,0,0,2,0,2,2,1,2,3,5,1,1,0,0,0,0,0,0,0,0,0,1,0,0,0,0,1,1,4,1,1,0,0,5,3,2,0,1,2,0,1,1,0,0,1,3,0,1,1,3,2]}}