{"val_loss":0.08246006816625595,"dense_w0_hist":{"bins":[-0.38197609782218933,-0.37078729271888733,-0.35959845781326294,-0.34840965270996094,-0.33722084760665894,-0.32603204250335693,-0.31484320759773254,-0.30365440249443054,-0.29246559739112854,-0.28127679228782654,-0.27008795738220215,-0.25889915227890015,-0.24771034717559814,-0.23652152717113495,-0.22533272206783295,-0.21414390206336975,-0.20295509696006775,-0.19176627695560455,-0.18057745695114136,-0.16938865184783936,-0.15819983184337616,-0.14701102674007416,-0.13582220673561096,-0.12463340163230896,-0.11344458162784576,-0.10225576907396317,-0.09106695652008057,-0.07987814396619797,-0.06868933141231537,-0.05750051885843277,-0.04631170630455017,-0.03512289375066757,-0.023934081196784973,-0.012745268642902374,-0.0015564551576972008,0.009632358327507973,0.02082117088139057,0.03200998529791832,0.04319879785180092,0.05438761040568352,0.06557641923427582,0.07676523923873901,0.08795405179262161,0.09914286434650421,0.11033167690038681,0.12152048945426941,0.1327092945575714,0.1438981145620346,0.1550869345664978,0.1662757396697998,0.177464559674263,0.188653364777565,0.1998421847820282,0.2110309898853302,0.2222198098897934,0.2334086149930954,0.2445974349975586,0.2557862401008606,0.2669750452041626,0.278163880109787,0.289352685213089,0.300541490316391,0.311730295419693,0.3229191303253174,0.3341079354286194],"_type":"histogram","values":[2,1,1,0,0,1,0,0,0,0,1,1,0,1,3,3,1,2,2,7,4,1,1,0,0,0,1,0,0,0,0,0,0,1,0,0,0,0,1,0,1,1,1,2,0,2,2,0,1,0,1,1,2,4,2,1,2,0,0,1,0,0,1,4]},"dense_1_w0_hist":{"_type":"histogram","values":[3,1,0,1,2,1,1,1,1,2,1,2,5,3,2,0,3,0,1,1,1,0,0,0,1,0,1,0,0,1,0,0,0,0,0,1,2,2,2,1,0,2,2,1,0,2,2,0,4,1,1,0,0,1,0,1,2,0,0,0,0,1,0,1],"bins":[-0.39423832297325134,-0.3798351585865021,-0.3654320240020752,-0.3510288596153259,-0.33662572503089905,-0.3222225606441498,-0.3078194260597229,-0.29341626167297363,-0.27901309728622437,-0.2646099627017975,-0.2502067983150482,-0.23580364882946014,-0.22140049934387207,-0.206997349858284,-0.19259420037269592,-0.17819105088710785,-0.16378790140151978,-0.1493847370147705,-0.13498158752918243,-0.12057843804359436,-0.10617528855800629,-0.09177213162183762,-0.07736898213624954,-0.06296583265066147,-0.048562679439783096,-0.034159526228904724,-0.01975637674331665,-0.0053532239980995655,0.009049927815794945,0.023453079164028168,0.03785623237490654,0.052259381860494614,0.06666253507137299,0.08106568455696106,0.09546884149312973,0.1098719909787178,0.12427514046430588,0.13867829740047455,0.15308144688606262,0.1674845963716507,0.18188774585723877,0.19629089534282684,0.2106940597295761,0.22509720921516418,0.23950035870075226,0.25390350818634033,0.2683066725730896,0.2827098071575165,0.29711297154426575,0.3115161061286926,0.3259192705154419,0.3403224050998688,0.35472556948661804,0.3691287338733673,0.3835318684577942,0.39793503284454346,0.41233816742897034,0.4267413318157196,0.44114449620246887,0.45554763078689575,0.469950795173645,0.4843539297580719,0.49875709414482117,0.513160228729248,0.5275633931159973]},"train_loss":0.08268310129642487,"_wandb":{"runtime":4},"_timestamp":1.748336910778521e+09,"dense_1_w1_hist":{"bins":[-0.4518619775772095,-0.4362369775772095,-0.4206119775772095,-0.4049869775772095,-0.3893619775772095,-0.3737369775772095,-0.3581119775772095,-0.3424869775772095,-0.3268619775772095,-0.3112369775772095,-0.2956119775772095,-0.2799869775772095,-0.2643619775772095,-0.24873697757720947,-0.23311197757720947,-0.21748697757720947,-0.20186197757720947,-0.18623697757720947,-0.17061197757720947,-0.15498697757720947,-0.13936197757720947,-0.12373697012662888,-0.10811197012662888,-0.09248697012662888,-0.07686197012662888,-0.061236970126628876,-0.045611970126628876,-0.029986970126628876,-0.014361970126628876,0.0012630298733711243,0.016888029873371124,0.032513029873371124,0.048138029873371124,0.06376302987337112,0.07938802987337112,0.09501302987337112,0.11063802987337112,0.12626302242279053,0.14188802242279053,0.15751302242279053,0.17313802242279053,0.18876302242279053,0.20438802242279053,0.22001302242279053,0.23563802242279053,0.2512630224227905,0.2668880224227905,0.2825130224227905,0.2981380224227905,0.3137630224227905,0.3293880224227905,0.3450130224227905,0.3606380224227905,0.3762630224227905,0.3918880224227905,0.4075130224227905,0.4231380224227905,0.4387630224227905,0.4543880224227905,0.4700130224227905,0.4856380224227905,0.5012630224227905,0.5168880224227905,0.5325130224227905,0.5481380224227905],"_type":"histogram","values":[0,0,0,0,0,0,0,0,0,0,0,0,0,0,0,0,0,0,0,0,0,0,0,0,0,0,0,0,0,0,0,0,1,0,0,0,0,0,0,0,0,0,0,0,0,0,0,0,0,0,0,0,0,0,0,0,0,0,0,0,0,0,0,0]},"_step":250,"_runtime":2.800385,"dense_w1_hist":{"_type":"histogram","values":[1,1,1,3,1,1,5,4,6,4,1,2,1,0,0,0,0,0,1,0,0,0,0,0,0,0,0,0,1,0,0,0,0,0,0,0,0,0,0,0,0,0,0,0,0,0,0,0,0,1,0,0,0,0,3,5,6,0,2,0,2,8,2,2],"bins":[-0.261518269777298,-0.25395283102989197,-0.24638737738132477,-0.23882192373275757,-0.23125648498535156,-0.22369103133678436,-0.21612559258937836,-0.20856013894081116,-0.20099468529224396,-0.19342924654483795,-0.18586379289627075,-0.17829835414886475,-0.17073290050029755,-0.16316744685173035,-0.15560200810432434,-0.14803655445575714,-0.14047111570835114,-0.13290566205978394,-0.12534022331237793,-0.11777476966381073,-0.11020932346582413,-0.10264387726783752,-0.09507843106985092,-0.08751297742128372,-0.07994753122329712,-0.07238208502531052,-0.06481663882732391,-0.05725119262933731,-0.04968574270606041,-0.04212029650807381,-0.034554850310087204,-0.026989402249455452,-0.0194239541888237,-0.011858507059514523,-0.004293059464544058,0.003272387897595763,0.010837835259735584,0.01840328238904476,0.025968730449676514,0.033534176647663116,0.04109962284564972,0.04866507276892662,0.05623051896691322,0.06379596889019012,0.07136141508817673,0.07892686128616333,0.08649230748414993,0.09405775368213654,0.10162320733070374,0.10918865352869034,0.11675409972667694,0.12431954592466354,0.13188499212265015,0.13945044577121735,0.14701588451862335,0.15458133816719055,0.16214677691459656,0.16971223056316376,0.17727768421173096,0.18484312295913696,0.19240857660770416,0.19997401535511017,0.20753946900367737,0.21510490775108337,0.22267036139965057]},"predictions_plot":{"sha256":"3fe419a04d1879150b329b07facbb343f970683a54745d44591db92f1a4728fc","size":40226,"path":"media/images/predictions_plot_250_3fe419a04d1879150b32.png","format":"png","width":640,"height":480,"_type":"image-file"},"epoch":50}