{"dense_w0_hist":{"bins":[-0.2453436255455017,-0.2374948263168335,-0.22964604198932648,-0.22179725766181946,-0.21394845843315125,-0.20609965920448303,-0.198250874876976,-0.190402090549469,-0.18255329132080078,-0.17470449209213257,-0.16685570776462555,-0.15900692343711853,-0.15115812420845032,-0.1433093249797821,-0.13546054065227509,-0.12761175632476807,-0.11976295709609985,-0.11191416531801224,-0.10406537353992462,-0.096216581761837,-0.08836778998374939,-0.08051899820566177,-0.07267020642757416,-0.06482141464948654,-0.056972622871398926,-0.04912383109331131,-0.041275039315223694,-0.03342624753713608,-0.025577455759048462,-0.017728663980960846,-0.00987987220287323,-0.002031080424785614,0.005817711353302002,0.013666503131389618,0.021515294909477234,0.02936408668756485,0.037212878465652466,0.04506167024374008,0.0529104620218277,0.060759253799915314,0.06860804557800293,0.07645683735609055,0.08430562913417816,0.09215442091226578,0.1000032126903534,0.10785200446844101,0.11570079624652863,0.12354958802461624,0.13139837980270386,0.13924717903137207,0.1470959633588791,0.1549447476863861,0.16279354691505432,0.17064234614372253,0.17849113047122955,0.18633991479873657,0.19418871402740479,0.202037513256073,0.20988629758358002,0.21773508191108704,0.22558388113975525,0.23343268036842346,0.24128146469593048,0.2491302490234375,0.2569790482521057],"_type":"histogram","values":[4,1,2,1,0,2,0,1,4,1,3,3,4,6,3,3,7,5,0,3,2,6,4,0,3,0,0,0,0,0,0,0,0,0,0,0,0,0,0,0,2,2,7,4,1,3,5,6,5,5,3,1,2,2,1,3,1,1,0,2,0,2,0,2]},"dense_1_w1_hist":{"bins":[-0.49275803565979004,-0.47713303565979004,-0.46150803565979004,-0.44588303565979004,-0.43025803565979004,-0.41463303565979004,-0.39900803565979004,-0.38338303565979004,-0.36775803565979004,-0.35213303565979004,-0.33650803565979004,-0.32088303565979004,-0.30525803565979004,-0.28963303565979004,-0.27400803565979004,-0.25838303565979004,-0.24275803565979004,-0.22713303565979004,-0.21150803565979004,-0.19588303565979004,-0.18025803565979004,-0.16463303565979004,-0.14900803565979004,-0.13338303565979004,-0.11775802820920944,-0.10213302820920944,-0.08650802820920944,-0.07088302820920944,-0.05525802820920944,-0.03963302820920944,-0.02400803007185459,-0.008383030071854591,0.007241969928145409,0.02286696992814541,0.03849197179079056,0.05411697179079056,0.06974197179079056,0.08536697179079056,0.10099197179079056,0.11661697179079056,0.13224196434020996,0.14786696434020996,0.16349196434020996,0.17911696434020996,0.19474196434020996,0.21036696434020996,0.22599196434020996,0.24161696434020996,0.25724196434020996,0.27286696434020996,0.28849196434020996,0.30411696434020996,0.31974196434020996,0.33536696434020996,0.35099196434020996,0.36661696434020996,0.38224196434020996,0.39786696434020996,0.41349196434020996,0.42911696434020996,0.44474196434020996,0.46036696434020996,0.47599196434020996,0.49161696434020996,0.50724196434021],"_type":"histogram","values":[0,0,0,0,0,0,0,0,0,0,0,0,0,0,0,0,0,0,0,0,0,0,0,0,0,0,0,0,0,0,0,0,1,0,0,0,0,0,0,0,0,0,0,0,0,0,0,0,0,0,0,0,0,0,0,0,0,0,0,0,0,0,0,0]},"_step":250,"predictions_plot":{"format":"png","width":640,"height":480,"_type":"image-file","sha256":"c7da8e0bc80163c18b6478d0f58fb9a5ebc9c9c118333ed0f4ef853e66f5993c","size":41302,"path":"media/images/predictions_plot_250_c7da8e0bc80163c18b64.png"},"_timestamp":1.748337093032054e+09,"epoch":50,"val_loss":0.03579704463481903,"_runtime":2.126089,"_wandb":{"runtime":2},"train_loss":0.03534718602895737,"dense_w1_hist":{"values":[4,1,1,7,7,11,10,10,6,5,2,1,0,0,0,0,0,0,0,0,0,0,0,0,0,0,0,0,0,0,0,0,0,0,0,0,0,0,0,0,0,0,0,0,0,0,1,1,1,1,1,5,6,5,3,3,5,2,8,18,1,0,0,2],"bins":[-0.23032759130001068,-0.22341617941856384,-0.216504767537117,-0.20959335565567017,-0.20268194377422333,-0.1957705318927765,-0.18885912001132965,-0.181947723031044,-0.17503631114959717,-0.16812489926815033,-0.1612134873867035,-0.15430207550525665,-0.14739066362380981,-0.14047925174236298,-0.13356783986091614,-0.1266564279794693,-0.11974501609802246,-0.11283361166715622,-0.10592219978570938,-0.09901078790426254,-0.0920993760228157,-0.08518796414136887,-0.07827655225992203,-0.07136514782905579,-0.06445373594760895,-0.05754232406616211,-0.05063091218471527,-0.04371950030326843,-0.03680809214711189,-0.029896680265665054,-0.022985270246863365,-0.016073858365416527,-0.009162448346614838,-0.0022510376293212175,0.004660373087972403,0.011571783572435379,0.018483195453882217,0.025394605472683907,0.032306015491485596,0.039217427372932434,0.04612883925437927,0.05304024741053581,0.05995165929198265,0.06686306744813919,0.07377447932958603,0.08068589121103287,0.0875973030924797,0.09450871497392654,0.10142011940479279,0.10833153128623962,0.11524294316768646,0.1221543550491333,0.12906576693058014,0.13597717881202698,0.14288859069347382,0.14980000257492065,0.1567114144563675,0.16362282633781433,0.17053422331809998,0.17744563519954681,0.18435704708099365,0.1912684589624405,0.19817987084388733,0.20509128272533417,0.212002694606781],"_type":"histogram"},"dense_1_w0_hist":{"bins":[-0.4355342984199524,-0.42286959290504456,-0.41020485758781433,-0.3975401520729065,-0.38487541675567627,-0.37221071124076843,-0.3595460057258606,-0.34688127040863037,-0.33421656489372253,-0.3215518295764923,-0.3088871240615845,-0.29622241854667664,-0.2835576832294464,-0.2708929777145386,-0.25822827219963074,-0.2455635368824005,-0.23289883136749268,-0.22023411095142365,-0.20756939053535461,-0.19490467011928558,-0.18223994970321655,-0.16957524418830872,-0.15691052377223969,-0.14424580335617065,-0.13158108294010162,-0.11891636997461319,-0.10625164955854416,-0.09358693659305573,-0.0809222161769867,-0.06825750321149826,-0.05559278279542923,-0.0429280661046505,-0.030263349413871765,-0.017598632723093033,-0.004933915100991726,0.007730802055448294,0.020395519211888313,0.033060237765312195,0.04572495445609093,0.05838967114686966,0.0710543841123581,0.08371910452842712,0.09638382494449615,0.10904853790998459,0.12171325832605362,0.13437797129154205,0.14704269170761108,0.15970741212368011,0.17237213253974915,0.18503683805465698,0.197701558470726,0.21036627888679504,0.22303099930286407,0.2356957048177719,0.24836042523384094,0.2610251307487488,0.273689866065979,0.28635457158088684,0.29901930689811707,0.3116840124130249,0.32434871792793274,0.33701345324516296,0.3496781587600708,0.362342894077301,0.37500759959220886],"_type":"histogram","values":[1,0,0,0,0,1,0,1,1,1,3,2,1,2,5,6,1,2,2,5,4,1,7,3,3,0,2,2,0,0,2,4,1,0,0,0,0,2,0,1,0,2,3,3,8,4,3,4,5,0,4,5,1,2,1,4,5,2,2,2,0,1,0,1]}}