{"_step":250,"dense_w1_hist":{"_type":"histogram","values":[1,1,2,0,0,1,0,2,6,8,14,6,5,9,7,3,2,3,3,2,1,0,0,0,0,0,0,0,1,0,0,0,0,0,0,0,0,0,0,0,0,0,0,0,0,1,0,0,2,1,1,2,2,1,0,1,1,2,1,4,3,11,9,9],"bins":[-0.22444415092468262,-0.21839027106761932,-0.21233637630939484,-0.20628249645233154,-0.20022860169410706,-0.19417472183704376,-0.18812082707881927,-0.18206694722175598,-0.1760130673646927,-0.1699591726064682,-0.1639052927494049,-0.15785139799118042,-0.15179751813411713,-0.14574363827705383,-0.13968974351882935,-0.13363586366176605,-0.12758196890354156,-0.12152808904647827,-0.11547420173883438,-0.10942031443119049,-0.1033664271235466,-0.09731253981590271,-0.09125865250825882,-0.08520477265119553,-0.07915088534355164,-0.07309699803590775,-0.06704311072826385,-0.060989223420619965,-0.05493533983826637,-0.04888145253062248,-0.04282756522297859,-0.036773681640625,-0.03071979433298111,-0.02466590888798237,-0.018612021580338478,-0.012558136135339737,-0.006504249759018421,-0.00045036361552774906,0.005603522527962923,0.011657408438622952,0.017711294814944267,0.02376518025994301,0.0298190675675869,0.03587295487523079,0.04192683845758438,0.04798072576522827,0.05403461307287216,0.060088496655225754,0.06614238023757935,0.07219626754522324,0.07825015485286713,0.08430404216051102,0.09035792946815491,0.0964118167757988,0.10246570408344269,0.10851958394050598,0.11457347124814987,0.12062735855579376,0.12668123841285706,0.13273513317108154,0.13878901302814484,0.14484290778636932,0.15089678764343262,0.1569506824016571,0.1630045622587204]},"_runtime":2.10735,"dense_1_w0_hist":{"bins":[-0.3640305995941162,-0.353714257478714,-0.3433978855609894,-0.33308154344558716,-0.32276517152786255,-0.3124488294124603,-0.3021324574947357,-0.2918161153793335,-0.2814997434616089,-0.27118340134620667,-0.26086702942848206,-0.25055068731307983,-0.24023433029651642,-0.229917973279953,-0.2196016162633896,-0.20928525924682617,-0.19896890223026276,-0.18865254521369934,-0.17833618819713593,-0.1680198311805725,-0.1577034741640091,-0.14738711714744568,-0.13707076013088226,-0.12675440311431885,-0.11643805354833603,-0.10612169653177261,-0.0958053395152092,-0.08548898249864578,-0.07517263293266296,-0.06485627591609955,-0.05453991889953613,-0.04422356188297272,-0.0339072048664093,-0.023590847849845886,-0.01327449269592762,-0.002958136610686779,0.007358219474554062,0.017674576491117477,0.027990931645035744,0.03830728679895401,0.048623643815517426,0.05894000083208084,0.06925635784864426,0.07957271486520767,0.08988906443119049,0.1002054214477539,0.11052177846431732,0.12083813548088074,0.13115449249744415,0.14147084951400757,0.15178720653057098,0.1621035635471344,0.17241992056369781,0.18273627758026123,0.19305263459682465,0.20336899161338806,0.21368533372879028,0.2240016907453537,0.23431804776191711,0.24463440477848053,0.25495076179504395,0.26526713371276855,0.2755834758281708,0.2858998477458954,0.2962161898612976],"_type":"histogram","values":[1,0,0,0,1,1,1,0,2,1,1,2,1,1,1,2,9,6,0,3,4,4,3,7,0,1,1,4,3,1,9,1,1,0,1,0,0,1,0,1,3,1,1,4,2,0,4,2,1,3,1,2,4,3,3,5,4,4,1,1,0,2,1,1]},"val_loss":0.09758202731609344,"epoch":50,"dense_w0_hist":{"values":[1,0,0,1,0,1,3,3,0,2,3,2,3,1,4,1,1,5,2,2,6,5,5,1,2,1,3,2,0,0,0,0,1,0,0,0,0,1,0,0,1,1,2,5,10,12,4,4,2,1,3,4,4,2,2,1,0,1,0,2,2,1,0,2],"bins":[-0.24549506604671478,-0.23802661895751953,-0.23055815696716309,-0.22308970987796783,-0.21562126278877258,-0.20815281569957733,-0.2006843537092209,-0.19321590662002563,-0.18574745953083038,-0.17827899754047394,-0.1708105504512787,-0.16334210336208344,-0.155873641371727,-0.14840519428253174,-0.1409367471933365,-0.13346830010414124,-0.1259998381137848,-0.11853139102458954,-0.11106293648481369,-0.10359448939561844,-0.09612603485584259,-0.08865758776664734,-0.08118913322687149,-0.07372067868709564,-0.06625223159790039,-0.05878377705812454,-0.05131532624363899,-0.04384687542915344,-0.03637842461466789,-0.028909971937537193,-0.021441521123051643,-0.013973069377243519,-0.006504617631435394,0.0009638338815420866,0.008432285860180855,0.015900736674666405,0.023369189351797104,0.030837640166282654,0.038306090980768204,0.045774541795253754,0.0532429963350296,0.06071144714951515,0.0681798979640007,0.07564835250377655,0.0831167995929718,0.09058525413274765,0.0980537012219429,0.10552215576171875,0.112990602850914,0.12045905739068985,0.1279275119304657,0.13539595901966095,0.1428644061088562,0.15033286809921265,0.1578013151884079,0.16526976227760315,0.1727382242679596,0.18020667135715485,0.1876751184463501,0.19514358043670654,0.2026120275259018,0.21008047461509705,0.2175489217042923,0.22501738369464874,0.232485830783844],"_type":"histogram"},"dense_1_w1_hist":{"bins":[-0.5089678168296814,-0.4933428168296814,-0.4777178168296814,-0.4620928168296814,-0.4464678168296814,-0.4308428168296814,-0.4152178168296814,-0.3995928168296814,-0.3839678168296814,-0.3683428168296814,-0.3527178168296814,-0.3370928168296814,-0.3214678168296814,-0.3058428168296814,-0.2902178168296814,-0.2745928168296814,-0.2589678168296814,-0.2433428019285202,-0.2277178019285202,-0.2120928019285202,-0.1964678019285202,-0.1808428019285202,-0.1652178019285202,-0.1495928019285202,-0.1339678019285202,-0.1183428019285202,-0.1027178019285202,-0.0870928019285202,-0.0714678019285202,-0.0558428019285202,-0.0402178019285202,-0.024592801928520203,-0.008967801928520203,0.006657198071479797,0.022282198071479797,0.0379071980714798,0.0535321980714798,0.0691571980714798,0.0847821980714798,0.1004071980714798,0.1160321980714798,0.1316571980714798,0.1472821980714798,0.1629071980714798,0.1785321980714798,0.1941571980714798,0.2097821980714798,0.2254071980714798,0.2410321980714798,0.2566571831703186,0.2722821831703186,0.2879071831703186,0.3035321831703186,0.3191571831703186,0.3347821831703186,0.3504071831703186,0.3660321831703186,0.3816571831703186,0.3972821831703186,0.4129071831703186,0.4285321831703186,0.4441571831703186,0.4597821831703186,0.4754071831703186,0.4910321831703186],"_type":"histogram","values":[0,0,0,0,0,0,0,0,0,0,0,0,0,0,0,0,0,0,0,0,0,0,0,0,0,0,0,0,0,0,0,0,1,0,0,0,0,0,0,0,0,0,0,0,0,0,0,0,0,0,0,0,0,0,0,0,0,0,0,0,0,0,0,0]},"predictions_plot":{"sha256":"d5d44c0f90925bb325719d31dd6e9e8f4421f140d5208856ac9fe2390d614c82","size":40608,"path":"media/images/predictions_plot_250_d5d44c0f90925bb32571.png","format":"png","width":640,"height":480,"_type":"image-file"},"_timestamp":1.748336931296582e+09,"train_loss":0.09429526329040527,"_wandb":{"runtime":2}}