{"_wandb":{"runtime":2},"_runtime":2.180031,"epoch":50,"train_loss":0.585722029209137,"_timestamp":1.7483369210660129e+09,"_step":250,"dense_w0_hist":{"values":[1,1,1,1,1,0,1,1,0,2,0,1,0,1,3,2,0,1,0,1,2,1,0,1,1,4,0,0,3,1,2,0,1,2,0,0,0,0,1,0,2,2,0,0,1,2,1,0,2,2,1,0,0,1,1,0,1,0,1,4,0,1,3,2],"bins":[-0.30114057660102844,-0.29173529148101807,-0.2823300063610077,-0.2729247212409973,-0.26351943612098694,-0.25411415100097656,-0.24470888078212738,-0.235303595662117,-0.22589831054210663,-0.21649302542209625,-0.20708774030208588,-0.1976824551820755,-0.18827717006206512,-0.17887188494205475,-0.16946659982204437,-0.160061314702034,-0.15065604448318481,-0.14125075936317444,-0.13184547424316406,-0.12244018912315369,-0.11303490400314331,-0.10362961888313293,-0.09422433376312256,-0.08481904864311218,-0.0754137635231018,-0.06600848585367203,-0.05660320073366165,-0.047197915613651276,-0.0377926304936409,-0.028387349098920822,-0.018982063978910446,-0.00957678072154522,-0.00017149746417999268,0.009233785793185234,0.01863906905055046,0.028044354170560837,0.037449635565280914,0.04685492068529129,0.056260205805301666,0.06566549092531204,0.07507076859474182,0.0844760537147522,0.09388133883476257,0.10328662395477295,0.11269190907478333,0.1220971941947937,0.13150247931480408,0.14090776443481445,0.15031304955482483,0.159718319773674,0.1691236048936844,0.17852889001369476,0.18793417513370514,0.19733946025371552,0.2067447453737259,0.21615003049373627,0.22555531561374664,0.23496060073375702,0.2443658858537674,0.2537711560726166,0.26317644119262695,0.27258172631263733,0.2819870114326477,0.2913922965526581,0.30079758167266846],"_type":"histogram"},"val_loss":0.5529379844665527,"dense_w1_hist":{"values":[1,0,0,0,0,17,1,0,16,0,0,0,0,1,0,0,0,0,0,0,0,0,0,0,1,0,0,0,0,0,0,0,0,0,0,0,0,0,0,0,0,0,0,0,0,0,0,0,0,0,0,0,0,0,0,0,0,11,0,0,13,1,0,2],"bins":[-0.005725340452045202,-0.005551895126700401,-0.0053784498013556,-0.005205004941672087,-0.005031559616327286,-0.004858114290982485,-0.004684668965637684,-0.00451122410595417,-0.004337778780609369,-0.004164333455264568,-0.003990888129919767,-0.00381744303740561,-0.003643997712060809,-0.003470552619546652,-0.003297107294201851,-0.0031236622016876936,-0.0029502168763428926,-0.0027767715509980917,-0.0026033264584839344,-0.0024298811331391335,-0.002256436040624976,-0.002082990715280175,-0.001909545506350696,-0.001736100297421217,-0.0015626550884917378,-0.0013892098795622587,-0.0012157646706327796,-0.0010423194617033005,-0.0008688741945661604,-0.0006954289856366813,-0.0005219837184995413,-0.00034853850957006216,-0.00017509330064058304,-1.6480771591886878e-06,0.00017179714632220566,0.00034524238435551524,0.0005186875932849944,0.0006921328022144735,0.0008655780693516135,0.0010390232782810926,0.0012124684872105718,0.0013859136961400509,0.00155935890506953,0.0017328041139990091,0.00190624943934381,0.0020796945318579674,0.0022531398572027683,0.0024265849497169256,0.0026000302750617266,0.0027734756004065275,0.002946920692920685,0.0031203660182654858,0.003293811110779643,0.003467256436124444,0.0036407015286386013,0.0038141468539834023,0.003987592179328203,0.004161037504673004,0.004334482364356518,0.004507927689701319,0.00468137301504612,0.004854818340390921,0.005028263200074434,0.005201708525419235,0.005375153850764036],"_type":"histogram"},"dense_1_w0_hist":{"_type":"histogram","values":[2,2,0,0,3,0,1,1,3,0,1,1,1,0,1,2,0,0,1,0,0,0,1,2,0,0,0,0,2,1,1,3,0,0,0,2,3,0,0,1,0,3,2,0,1,1,1,1,0,1,1,1,2,0,1,0,3,2,3,0,2,0,1,3],"bins":[-0.2882234454154968,-0.27913782000541687,-0.2700522243976593,-0.26096659898757935,-0.2518810033798218,-0.24279537796974182,-0.23370976746082306,-0.2246241569519043,-0.21553853154182434,-0.20645292103290558,-0.19736731052398682,-0.18828170001506805,-0.1791960895061493,-0.17011047899723053,-0.16102485358715057,-0.1519392430782318,-0.14285363256931305,-0.1337680220603943,-0.12468240410089493,-0.11559679359197617,-0.1065111756324768,-0.09742556512355804,-0.08833995461463928,-0.07925433665513992,-0.07016872614622116,-0.0610831119120121,-0.05199749767780304,-0.04291188716888428,-0.03382627293467522,-0.024740658700466156,-0.015655046328902245,-0.0065694330260157585,0.0025161802768707275,0.011601793579757214,0.0206874068826437,0.02977301925420761,0.03885863348841667,0.04794424772262573,0.057029858231544495,0.06611547619104385,0.07520108669996262,0.08428669720888138,0.09337231516838074,0.1024579256772995,0.11154353618621826,0.12062915414571762,0.12971477210521698,0.13880038261413574,0.1478859931230545,0.15697160363197327,0.16605721414089203,0.17514283955097198,0.18422845005989075,0.1933140605688095,0.20239967107772827,0.21148528158664703,0.2205708920955658,0.22965651750564575,0.23874212801456451,0.24782773852348328,0.25691336393356323,0.2659989595413208,0.27508458495140076,0.2841701805591583,0.2932558059692383]},"dense_1_w1_hist":{"_type":"histogram","values":[0,0,0,0,0,0,0,0,0,0,0,0,0,0,0,0,0,0,0,0,0,0,0,0,0,0,0,0,0,0,0,0,1,0,0,0,0,0,0,0,0,0,0,0,0,0,0,0,0,0,0,0,0,0,0,0,0,0,0,0,0,0,0,0],"bins":[-0.5047684907913208,-0.4891434907913208,-0.4735184907913208,-0.4578934907913208,-0.4422684907913208,-0.4266434907913208,-0.4110184907913208,-0.3953934907913208,-0.3797684907913208,-0.3641434907913208,-0.3485184907913208,-0.3328934907913208,-0.3172684907913208,-0.3016434907913208,-0.2860184907913208,-0.2703934907913208,-0.2547684907913208,-0.239143505692482,-0.223518505692482,-0.207893505692482,-0.192268505692482,-0.176643505692482,-0.161018505692482,-0.145393505692482,-0.129768505692482,-0.114143505692482,-0.098518505692482,-0.082893505692482,-0.067268505692482,-0.051643501967191696,-0.036018501967191696,-0.020393503829836845,-0.004768503364175558,0.010856496170163155,0.026481496170163155,0.042106498032808304,0.057731498032808304,0.073356494307518,0.088981494307518,0.104606494307518,0.120231494307518,0.135856494307518,0.151481494307518,0.167106494307518,0.182731494307518,0.198356494307518,0.213981494307518,0.229606494307518,0.245231494307518,0.2608565092086792,0.2764815092086792,0.2921065092086792,0.3077315092086792,0.3233565092086792,0.3389815092086792,0.3546065092086792,0.3702315092086792,0.3858565092086792,0.4014815092086792,0.4171065092086792,0.4327315092086792,0.4483565092086792,0.4639815092086792,0.4796065092086792,0.4952315092086792]},"predictions_plot":{"_type":"image-file","sha256":"303d41e8697f18fdf70c04c18e973a57a1229fe13f96f11ef0a9048a5440a691","size":35755,"path":"media/images/predictions_plot_250_303d41e8697f18fdf70c.png","format":"png","width":640,"height":480}}