{"dense_w1_hist":{"_type":"histogram","values":[1,2,11,51,1,0,0,0,0,0,0,0,0,0,0,0,0,0,0,0,0,0,0,0,0,0,0,0,0,0,0,0,0,0,0,0,0,0,0,1,0,0,0,0,0,0,0,0,0,0,0,0,0,0,0,0,0,0,0,0,0,0,0,61],"bins":[-0.005914755631238222,-0.005739253014326096,-0.005563750397413969,-0.005388247314840555,-0.005212744697928429,-0.005037242081016302,-0.004861739464104176,-0.004686236847192049,-0.0045107342302799225,-0.004335231147706509,-0.004159728530794382,-0.0039842259138822556,-0.003808723296970129,-0.0036332206800580025,-0.0034577178303152323,-0.0032822152134031057,-0.0031067123636603355,-0.002931209746748209,-0.0027557071298360825,-0.0025802042800933123,-0.0024047016631811857,-0.002229199046269059,-0.002053696196526289,-0.0018781935796141624,-0.001702690962702036,-0.0015271882293745875,-0.0013516854960471392,-0.0011761827627196908,-0.0010006801458075643,-0.0008251774124801159,-0.0006496747373603284,-0.0004741720331367105,-0.0002986693289130926,-0.0001231666246894747,5.233606498222798e-05,0.00022783875465393066,0.0004033414588775486,0.0005788441631011665,0.0007543468382209539,0.0009298495715484023,0.0011053523048758507,0.0012808549217879772,0.0014563576551154256,0.001631860388442874,0.0018073630053550005,0.001982865622267127,0.0021583684720098972,0.0023338710889220238,0.0025093737058341503,0.0026848765555769205,0.002860379172489047,0.0030358820222318172,0.003211384639143944,0.0033868872560560703,0.0035623901057988405,0.003737892722710967,0.003913395572453737,0.004088898189365864,0.00426440080627799,0.004439903423190117,0.004615406040102243,0.00479090865701437,0.004966411739587784,0.00514191435649991,0.005317416973412037]},"_step":250,"dense_1_w1_hist":{"_type":"histogram","values":[0,0,0,0,0,0,0,0,0,0,0,0,0,0,0,0,0,0,0,0,0,0,0,0,0,0,0,0,0,0,0,0,1,0,0,0,0,0,0,0,0,0,0,0,0,0,0,0,0,0,0,0,0,0,0,0,0,0,0,0,0,0,0,0],"bins":[-0.4953300654888153,-0.4797050654888153,-0.4640800654888153,-0.4484550654888153,-0.4328300654888153,-0.4172050654888153,-0.4015800654888153,-0.3859550654888153,-0.3703300654888153,-0.3547050654888153,-0.3390800654888153,-0.3234550654888153,-0.3078300654888153,-0.2922050654888153,-0.2765800654888153,-0.2609550654888153,-0.2453300803899765,-0.2297050803899765,-0.2140800803899765,-0.1984550803899765,-0.1828300803899765,-0.1672050803899765,-0.1515800803899765,-0.1359550803899765,-0.1203300729393959,-0.1047050729393959,-0.0890800729393959,-0.0734550729393959,-0.0578300766646862,-0.0422050766646862,-0.026580074802041054,-0.010955074802041054,0.004669924732297659,0.020294925197958946,0.0359199233353138,0.0515449233353138,0.0671699270606041,0.0827949270606041,0.0984199270606041,0.1140449270606041,0.1296699196100235,0.1452949196100235,0.1609199196100235,0.1765449196100235,0.1921699196100235,0.2077949196100235,0.2234199196100235,0.2390449196100235,0.2546699345111847,0.2702949345111847,0.2859199345111847,0.3015449345111847,0.3171699345111847,0.3327949345111847,0.3484199345111847,0.3640449345111847,0.3796699345111847,0.3952949345111847,0.4109199345111847,0.4265449345111847,0.4421699345111847,0.4577949345111847,0.4734199345111847,0.4890449345111847,0.5046699047088623]},"train_loss":0.49222710728645325,"epoch":50,"dense_1_w0_hist":{"bins":[-0.2175620049238205,-0.21081982553005219,-0.20407766103744507,-0.19733548164367676,-0.19059330224990845,-0.18385112285614014,-0.17710895836353302,-0.1703667789697647,-0.1636245995759964,-0.15688243508338928,-0.15014025568962097,-0.14339807629585266,-0.13665591180324554,-0.12991373240947723,-0.12317155301570892,-0.11642938107252121,-0.1096872091293335,-0.10294502973556519,-0.09620285779237747,-0.08946067839860916,-0.08271850645542145,-0.07597632706165314,-0.06923415511846542,-0.06249197944998741,-0.0557498037815094,-0.049007631838321686,-0.042265456169843674,-0.03552328050136566,-0.02878110483288765,-0.022038931027054787,-0.015296755358576775,-0.008554580621421337,-0.0018124058842658997,0.004929768852889538,0.011671943590044975,0.018414119258522987,0.02515629306435585,0.03189846873283386,0.038640644401311874,0.045382820069789886,0.0521249920129776,0.05886716768145561,0.06560934334993362,0.07235151529312134,0.07909369468688965,0.08583586663007736,0.09257804602384567,0.09932021796703339,0.1060623973608017,0.11280456930398941,0.11954674124717712,0.12628892064094543,0.13303110003471375,0.13977326452732086,0.14651544392108917,0.15325762331485748,0.1599997878074646,0.1667419672012329,0.17348414659500122,0.18022631108760834,0.18696849048137665,0.19371066987514496,0.20045284926891327,0.20719501376152039,0.2139371931552887],"_type":"histogram","values":[4,1,2,1,0,3,2,2,0,4,0,2,1,1,2,1,2,0,4,0,2,0,5,3,3,3,0,1,3,2,4,1,1,1,2,3,1,3,5,1,1,3,5,1,2,3,0,3,4,1,3,4,1,3,3,2,1,1,0,0,1,2,5,3]},"predictions_plot":{"height":480,"_type":"image-file","sha256":"a0d9f56fb810aa742796feac6e31d351387ece21682a63ff8725d546c0985de8","size":35068,"path":"media/images/predictions_plot_250_a0d9f56fb810aa742796.png","format":"png","width":640},"dense_w0_hist":{"bins":[-0.2194870263338089,-0.21265530586242676,-0.20582357048988342,-0.19899185001850128,-0.19216012954711914,-0.1853283941745758,-0.17849667370319366,-0.17166495323181152,-0.1648332178592682,-0.15800149738788605,-0.1511697769165039,-0.14433804154396057,-0.13750632107257843,-0.1306746006011963,-0.12384287267923355,-0.11701114475727081,-0.11017942428588867,-0.10334769636392593,-0.0965159684419632,-0.08968424797058105,-0.08285252004861832,-0.07602079212665558,-0.06918907165527344,-0.0623573437333107,-0.05552561581134796,-0.04869389161467552,-0.04186216741800308,-0.03503044322133064,-0.028198715299367905,-0.021366991102695465,-0.014535265043377876,-0.007703539915382862,-0.0008718147873878479,0.005959910340607166,0.01279163546860218,0.01962336152791977,0.02645508572459221,0.03328681364655495,0.040118537843227386,0.046950262039899826,0.053781986236572266,0.060613714158535004,0.06744544208049774,0.07427716255187988,0.08110889047384262,0.08794061839580536,0.0947723388671875,0.10160406678915024,0.10843579471111298,0.11526751518249512,0.12209924310445786,0.1289309710264206,0.13576269149780273,0.14259441196918488,0.1494261473417282,0.15625786781311035,0.1630895882844925,0.16992132365703583,0.17675304412841797,0.1835847645998001,0.19041649997234344,0.19724822044372559,0.20407994091510773,0.21091167628765106,0.2177433967590332],"_type":"histogram","values":[1,1,3,1,3,2,2,2,1,3,3,2,3,4,3,3,2,2,2,6,1,0,2,2,3,1,3,3,1,1,0,0,1,2,1,1,1,0,3,0,2,4,4,1,0,2,2,6,2,2,0,2,3,3,0,5,3,1,2,1,3,1,3,1]},"_wandb":{"runtime":2},"_timestamp":1.748337104367247e+09,"_runtime":2.184207,"val_loss":0.5012772083282471}