{"dense_1_w0_hist":{"_type":"histogram","values":[2,1,4,1,0,0,4,0,2,2,1,0,2,1,1,3,1,1,1,2,2,1,4,3,3,2,2,0,3,3,2,4,1,1,4,3,1,3,2,1,2,3,1,3,2,2,1,2,4,2,1,1,2,2,3,1,2,2,3,2,4,4,2,3],"bins":[-0.21892467141151428,-0.21221673488616943,-0.2055087834596634,-0.19880084693431854,-0.1920928955078125,-0.18538495898246765,-0.1786770075559616,-0.17196907103061676,-0.1652611345052719,-0.15855318307876587,-0.15184524655342102,-0.14513729512691498,-0.13842935860157013,-0.13172142207622528,-0.12501347064971924,-0.11830552667379379,-0.11159758269786835,-0.1048896461725235,-0.09818170219659805,-0.09147375822067261,-0.08476581424474716,-0.07805787026882172,-0.07134992629289627,-0.06464198976755142,-0.05793404579162598,-0.05122610181570053,-0.044518157839775085,-0.03781021386384964,-0.031102273613214493,-0.024394329637289047,-0.01768638752400875,-0.01097844447940588,-0.004270501434803009,0.0024374413769692183,0.009145384654402733,0.01585332676768303,0.022561270743608475,0.02926921285688877,0.03597715497016907,0.04268509894609451,0.04939304292201996,0.056100983172655106,0.06280892342329025,0.0695168673992157,0.07622481137514114,0.08293275535106659,0.08964069932699203,0.09634864330291748,0.10305657982826233,0.10976452380418777,0.11647246778011322,0.12318041175603867,0.1298883557319641,0.13659629225730896,0.143304243683815,0.15001218020915985,0.1567201316356659,0.16342806816101074,0.1701360046863556,0.17684395611286163,0.18355189263820648,0.19025984406471252,0.19696778059005737,0.20367573201656342,0.21038366854190826]},"epoch":50,"dense_w0_hist":{"bins":[-0.21244090795516968,-0.20582230389118195,-0.19920368492603302,-0.1925850808620453,-0.18596646189689636,-0.17934785783290863,-0.1727292537689209,-0.16611063480377197,-0.15949203073978424,-0.15287341177463531,-0.14625480771064758,-0.13963620364665985,-0.13301758468151093,-0.1263989806175232,-0.11978036910295486,-0.11316175758838654,-0.1065431460738182,-0.09992453455924988,-0.09330592304468155,-0.08668731898069382,-0.08006870746612549,-0.07345009595155716,-0.06683148443698883,-0.0602128766477108,-0.05359426513314247,-0.04697565361857414,-0.04035704582929611,-0.03373843431472778,-0.027119824662804604,-0.020501215010881424,-0.01388260442763567,-0.007263994310051203,-0.0006453841924667358,0.005973225925117731,0.012591836042702198,0.019210446625947952,0.025829056277871132,0.03244766592979431,0.03906627744436264,0.04568488523364067,0.052303496748209,0.05892210826277733,0.06554071605205536,0.07215932756662369,0.07877793908119202,0.08539655059576035,0.09201515465974808,0.0986337661743164,0.10525237768888474,0.11187098920345306,0.11848960071802139,0.12510821223258972,0.13172681629657745,0.13834543526172638,0.1449640393257141,0.15158264338970184,0.15820126235485077,0.1648198664188385,0.17143848538398743,0.17805708944797516,0.1846756935119629,0.19129431247711182,0.19791291654109955,0.20453153550624847,0.2111501395702362],"_type":"histogram","values":[2,3,3,4,1,3,0,1,5,1,4,3,2,3,0,2,2,2,1,3,1,6,0,1,4,2,1,0,3,2,0,4,6,5,1,2,1,1,3,3,2,1,0,2,3,0,3,2,3,1,0,0,1,1,2,1,2,3,4,1,0,3,1,1]},"train_loss":0.5368986129760742,"_wandb":{"runtime":2},"_timestamp":1.7483369416398668e+09,"dense_w1_hist":{"_type":"histogram","values":[4,2,24,1,0,1,36,3,0,3,0,0,1,0,0,1,0,0,0,0,0,0,0,0,0,0,1,1,1,0,0,0,1,0,0,0,0,0,0,0,0,0,0,0,0,0,0,0,0,0,0,0,0,0,0,0,0,0,0,0,22,2,3,21],"bins":[-0.006006731651723385,-0.005826281383633614,-0.005645830649882555,-0.005465380381792784,-0.005284929648041725,-0.005104479379951954,-0.004924028646200895,-0.004743578378111124,-0.004563128110021353,-0.004382677376270294,-0.004202227108180523,-0.004021776374429464,-0.003841326106339693,-0.003660875605419278,-0.0034804251044988632,-0.0032999746035784483,-0.0031195241026580334,-0.002939073834568262,-0.002758623333647847,-0.0025781728327274323,-0.0023977223318070173,-0.0022172718308866024,-0.0020368213299661875,-0.0018563709454610944,-0.0016759205609560013,-0.0014954700600355864,-0.0013150195591151714,-0.0011345690581947565,-0.0009541186736896634,-0.0007736681727692485,-0.0005932177300564945,-0.00041276725823991,-0.00023231678642332554,-5.1866321882698685e-05,0.00012858414265792817,0.0003090345999225974,0.0004894851008430123,0.0006699355435557663,0.0008503859862685204,0.0010308364871889353,0.0012112869881093502,0.0013917373726144433,0.0015721878735348582,0.0017526383744552732,0.0019330887589603662,0.002113539259880781,0.002293989760801196,0.002474440261721611,0.0026548905298113823,0.0028353410307317972,0.003015791531652212,0.003196242032572627,0.003376692533493042,0.003557143034413457,0.003737593535333872,0.003918043803423643,0.004098494537174702,0.004278944805264473,0.004459395073354244,0.004639845807105303,0.004820296075195074,0.005000746808946133,0.005181197077035904,0.0053616478107869625,0.005542098078876734]},"dense_1_w1_hist":{"_type":"histogram","values":[0,0,0,0,0,0,0,0,0,0,0,0,0,0,0,0,0,0,0,0,0,0,0,0,0,0,0,0,0,0,0,0,1,0,0,0,0,0,0,0,0,0,0,0,0,0,0,0,0,0,0,0,0,0,0,0,0,0,0,0,0,0,0,0],"bins":[-0.5047647356987,-0.48913976550102234,-0.47351476550102234,-0.45788976550102234,-0.44226476550102234,-0.42663976550102234,-0.41101476550102234,-0.39538976550102234,-0.37976476550102234,-0.36413976550102234,-0.34851476550102234,-0.33288976550102234,-0.31726476550102234,-0.30163976550102234,-0.28601476550102234,-0.27038976550102234,-0.25476476550102234,-0.23913975059986115,-0.22351475059986115,-0.20788975059986115,-0.19226475059986115,-0.17663975059986115,-0.16101475059986115,-0.14538975059986115,-0.12976475059986115,-0.11413975805044174,-0.09851475805044174,-0.08288975805044174,-0.06726475805044174,-0.05163975805044174,-0.03601475805044174,-0.020389756187796593,-0.004764756187796593,0.010860243812203407,0.026485243812203407,0.04211024194955826,0.05773524194955826,0.07336024194955826,0.08898524194955826,0.10461024194955826,0.12023524194955826,0.13586024940013885,0.15148524940013885,0.16711024940013885,0.18273524940013885,0.19836024940013885,0.21398524940013885,0.22961024940013885,0.24523524940013885,0.26086023449897766,0.27648523449897766,0.29211023449897766,0.30773523449897766,0.32336023449897766,0.33898523449897766,0.35461023449897766,0.37023523449897766,0.38586023449897766,0.40148523449897766,0.41711023449897766,0.43273523449897766,0.44836023449897766,0.46398523449897766,0.47961023449897766,0.49523523449897766]},"_runtime":2.118432,"val_loss":0.5089888572692871,"_step":250,"predictions_plot":{"path":"media/images/predictions_plot_250_a3516ba3b07dcd22cc4c.png","format":"png","width":640,"height":480,"_type":"image-file","sha256":"a3516ba3b07dcd22cc4ce3db335d6bc1d62ac9e13842cf02db00b0ecf25b7cb0","size":35756}}