{"dense_w0_hist":{"_type":"histogram","values":[2,0,2,0,0,2,0,0,2,1,2,1,1,2,0,0,2,0,2,0,1,0,0,1,1,2,1,1,0,0,0,0,0,1,5,2,2,0,0,0,2,1,2,1,1,2,1,0,0,0,3,1,2,0,0,2,2,1,3,1,0,0,1,2],"bins":[-0.2857327461242676,-0.2765427231788635,-0.2673526704311371,-0.25816261768341064,-0.2489725947380066,-0.23978255689144135,-0.2305925190448761,-0.22140248119831085,-0.2122124433517456,-0.20302240550518036,-0.1938323676586151,-0.18464232981204987,-0.17545229196548462,-0.16626225411891937,-0.15707221627235413,-0.14788217842578888,-0.13869214057922363,-0.1295021027326584,-0.12031206488609314,-0.1111220270395279,-0.10193198919296265,-0.0927419513463974,-0.08355191349983215,-0.0743618756532669,-0.06517183780670166,-0.055981799960136414,-0.04679176211357117,-0.03760172426700592,-0.028411686420440674,-0.019221648573875427,-0.01003161072731018,-0.0008415728807449341,0.008348464965820312,0.01753850281238556,0.026728540658950806,0.03591857850551605,0.0451086163520813,0.054298654198646545,0.06348869204521179,0.07267872989177704,0.08186876773834229,0.09105880558490753,0.10024884343147278,0.10943888127803802,0.11862891912460327,0.12781895697116852,0.13700899481773376,0.146199032664299,0.15538907051086426,0.1645791083574295,0.17376914620399475,0.18295918405056,0.19214922189712524,0.2013392597436905,0.21052929759025574,0.21971933543682098,0.22890937328338623,0.23809941112995148,0.24728944897651672,0.25647950172424316,0.2656695246696472,0.27485954761505127,0.2840496003627777,0.29323965311050415,0.3024296760559082]},"dense_1_w1_hist":{"_type":"histogram","values":[0,0,0,0,0,0,0,0,0,0,0,0,0,0,0,0,0,0,0,0,0,0,0,0,0,0,0,0,0,0,0,0,1,0,0,0,0,0,0,0,0,0,0,0,0,0,0,0,0,0,0,0,0,0,0,0,0,0,0,0,0,0,0,0],"bins":[-0.519328236579895,-0.503703236579895,-0.488078236579895,-0.472453236579895,-0.456828236579895,-0.441203236579895,-0.425578236579895,-0.409953236579895,-0.394328236579895,-0.378703236579895,-0.363078236579895,-0.347453236579895,-0.331828236579895,-0.316203236579895,-0.300578236579895,-0.284953236579895,-0.269328236579895,-0.253703236579895,-0.2380782514810562,-0.2224532514810562,-0.2068282514810562,-0.1912032514810562,-0.1755782514810562,-0.1599532514810562,-0.1443282514810562,-0.1287032514810562,-0.11307825148105621,-0.09745325148105621,-0.08182825148105621,-0.06620325148105621,-0.050578247755765915,-0.034953247755765915,-0.019328247755765915,-0.003703247755765915,0.011921752244234085,0.027546752244234085,0.043171752244234085,0.058796752244234085,0.07442174851894379,0.09004674851894379,0.10567174851894379,0.12129674851894379,0.1369217485189438,0.1525467485189438,0.1681717485189438,0.1837967485189438,0.1994217485189438,0.2150467485189438,0.2306717485189438,0.2462967485189438,0.261921763420105,0.277546763420105,0.293171763420105,0.308796763420105,0.324421763420105,0.340046763420105,0.355671763420105,0.371296763420105,0.386921763420105,0.402546763420105,0.418171763420105,0.433796763420105,0.449421763420105,0.465046763420105,0.480671763420105]},"_wandb":{"runtime":3},"epoch":50,"_runtime":2.782859,"_timestamp":1.7483357862147331e+09,"dense_1_w0_hist":{"bins":[-0.3258354067802429,-0.3160310387611389,-0.3062266409397125,-0.2964222729206085,-0.28661787509918213,-0.2768135070800781,-0.26700910925865173,-0.25720474123954773,-0.24740035831928253,-0.23759597539901733,-0.22779160737991333,-0.21798722445964813,-0.20818284153938293,-0.19837845861911774,-0.18857407569885254,-0.17876969277858734,-0.16896530985832214,-0.15916094183921814,-0.14935655891895294,-0.13955217599868774,-0.12974779307842255,-0.11994341760873795,-0.11013903468847275,-0.10033465176820755,-0.09053027629852295,-0.08072589337825775,-0.07092151045799255,-0.061117131263017654,-0.051312752068042755,-0.04150836914777756,-0.03170398995280266,-0.02189960889518261,-0.012095227837562561,-0.0022908472456038,0.007513533346354961,0.017317913472652435,0.027122294530272484,0.03692667558789253,0.04673105478286743,0.05653543770313263,0.06633982062339783,0.07614419609308243,0.08594857901334763,0.09575296193361282,0.10555733740329742,0.11536172032356262,0.12516610324382782,0.13497048616409302,0.14477485418319702,0.15457923710346222,0.16438362002372742,0.17418800294399261,0.1839923858642578,0.193796768784523,0.2036011517047882,0.2134055197238922,0.2232099026441574,0.2330142855644226,0.2428186684846878,0.252623051404953,0.262427419424057,0.2722318172454834,0.2820361852645874,0.2918405830860138,0.3016449511051178],"_type":"histogram","values":[1,1,0,0,1,1,2,1,0,0,1,1,4,2,0,1,0,2,1,3,1,2,1,0,1,0,1,0,2,0,0,0,0,0,0,2,0,1,1,1,1,2,1,1,0,0,1,1,1,1,2,1,1,2,2,1,3,1,0,0,2,2,1,2]},"_step":250,"dense_w1_hist":{"values":[16,1,0,1,0,0,9,4,1,0,0,0,0,0,0,0,0,0,0,0,0,0,0,0,0,0,0,0,0,0,0,0,0,0,0,0,0,0,0,0,0,0,0,0,0,0,0,0,0,0,0,0,0,0,0,0,1,0,6,10,0,1,2,12],"bins":[-0.048197366297245026,-0.04669840633869171,-0.0451994463801384,-0.04370048642158508,-0.04220153018832207,-0.04070257022976875,-0.03920361027121544,-0.037704650312662125,-0.03620569035410881,-0.034706730395555496,-0.03320777416229248,-0.031708814203739166,-0.030209854245185852,-0.028710894286632538,-0.027211934328079224,-0.02571297623217106,-0.024214016273617744,-0.02271505631506443,-0.021216098219156265,-0.01971713826060295,-0.018218178302049637,-0.016719220206141472,-0.015220260247588158,-0.013721300289034843,-0.012222341261804104,-0.010723382234573364,-0.00922442227602005,-0.0077254632487893105,-0.0062265037558972836,-0.004727544263005257,-0.0032285850029438734,-0.0017296256264671683,-0.00023066624999046326,0.0012682931264862418,0.002767252502962947,0.00426621176302433,0.005765171255916357,0.007264130748808384,0.008763089776039124,0.010262049734592438,0.011761008761823177,0.013259967789053917,0.014758927747607231,0.016257887706160545,0.01775684580206871,0.019255805760622025,0.02075476571917534,0.022253723815083504,0.023752683773636818,0.025251643732190132,0.026750601828098297,0.02824956178665161,0.029748521745204926,0.03124747984111309,0.032746441662311554,0.03424539789557457,0.035744357854127884,0.0372433178126812,0.03874227777123451,0.04024123772978783,0.04174019768834114,0.043239153921604156,0.04473811388015747,0.046237073838710785,0.0477360337972641],"_type":"histogram"},"predictions_plot":{"width":640,"height":480,"_type":"image-file","sha256":"d9095422853ba8c23f989df54978d9c5489ec6e12265439fbfeb6c251b3cb05e","size":36629,"path":"media/images/predictions_plot_250_d9095422853ba8c23f98.png","format":"png"},"train_loss":0.38391900062561035,"val_loss":0.34387123584747314}