{"_wandb":{"runtime":2},"dense_1_w1_hist":{"values":[0,0,0,0,0,0,0,0,0,0,0,0,0,0,0,0,0,0,0,0,0,0,0,0,0,0,0,0,0,0,0,0,1,0,0,0,0,0,0,0,0,0,0,0,0,0,0,0,0,0,0,0,0,0,0,0,0,0,0,0,0,0,0,0],"bins":[-0.5097408294677734,-0.4941158592700958,-0.4784908592700958,-0.4628658592700958,-0.4472408592700958,-0.4316158592700958,-0.4159908592700958,-0.4003658592700958,-0.3847408592700958,-0.3691158592700958,-0.3534908592700958,-0.3378658592700958,-0.3222408592700958,-0.3066158592700958,-0.2909908592700958,-0.2753658592700958,-0.2597408592700958,-0.24411584436893463,-0.22849084436893463,-0.21286584436893463,-0.19724084436893463,-0.18161584436893463,-0.16599084436893463,-0.15036584436893463,-0.13474084436893463,-0.11911585181951523,-0.10349085181951523,-0.08786585181951523,-0.07224085181951523,-0.05661585181951523,-0.04099085181951523,-0.02536585181951523,-0.009740850888192654,0.005884149111807346,0.02150914818048477,0.03713414818048477,0.05275914818048477,0.06838414818048477,0.08400914818048477,0.09963414818048477,0.11525914818048477,0.13088415563106537,0.14650915563106537,0.16213415563106537,0.17775915563106537,0.19338415563106537,0.20900915563106537,0.22463415563106537,0.24025915563106537,0.2558841407299042,0.2715091407299042,0.2871341407299042,0.3027591407299042,0.3183841407299042,0.3340091407299042,0.3496341407299042,0.3652591407299042,0.3808841407299042,0.3965091407299042,0.4121341407299042,0.4277591407299042,0.4433841407299042,0.4590091407299042,0.4746341407299042,0.4902591407299042],"_type":"histogram"},"train_loss":0.4240465760231018,"_timestamp":1.7483365960647511e+09,"dense_w1_hist":{"_type":"histogram","values":[1,0,0,0,0,0,2,34,25,8,0,0,0,0,0,0,0,0,0,1,0,0,0,0,0,0,0,1,0,0,0,0,0,0,0,0,0,0,0,0,0,0,0,0,0,0,0,0,0,0,0,0,0,0,0,0,0,0,2,3,17,9,1,24],"bins":[-0.02821681834757328,-0.027413995936512947,-0.026611171662807465,-0.02580834925174713,-0.025005526840686798,-0.024202704429626465,-0.023399880155920982,-0.02259705774486065,-0.021794235333800316,-0.020991412922739983,-0.0201885886490345,-0.019385766237974167,-0.018582943826913834,-0.0177801214158535,-0.016977297142148018,-0.016174474731087685,-0.015371652320027351,-0.014568828977644444,-0.013766005635261536,-0.012963183224201202,-0.012160359881818295,-0.011357537470757961,-0.010554714128375053,-0.00975189171731472,-0.008949068374931812,-0.008146245963871479,-0.007343422621488571,-0.006540599744766951,-0.00573777686804533,-0.0049349539913237095,-0.004132131114602089,-0.0033293082378804684,-0.002526485361158848,-0.0017236624844372272,-0.0009208395495079458,-0.00011801664368249476,0.0006848062621429563,0.0014876291388645768,0.002290452132001519,0.0030932750087231398,0.0038960978854447603,0.0046989209949970245,0.005501743871718645,0.006304566748440266,0.007107389625161886,0.007910212501883507,0.00871303491294384,0.009515858255326748,0.010318681597709656,0.011121504008769989,0.011924327351152897,0.01272714976221323,0.013529973104596138,0.014332795515656471,0.015135618858039379,0.015938442200422287,0.01674126461148262,0.017544087022542953,0.018346909433603287,0.01914973370730877,0.019952556118369102,0.020755378529429436,0.02155820094048977,0.02236102521419525,0.023163847625255585]},"dense_1_w0_hist":{"values":[1,3,0,2,3,0,2,2,1,6,1,1,2,0,1,2,1,3,4,1,0,1,1,5,4,2,1,1,1,1,4,0,1,1,1,2,3,1,4,0,4,3,2,4,5,1,2,1,4,2,1,4,4,6,2,1,1,1,2,1,1,3,0,3],"bins":[-0.23033267259597778,-0.22345508635044098,-0.21657750010490417,-0.20969991385936737,-0.20282231271266937,-0.19594472646713257,-0.18906714022159576,-0.18218955397605896,-0.17531196773052216,-0.16843438148498535,-0.16155679523944855,-0.15467919409275055,-0.14780160784721375,-0.14092402160167694,-0.13404643535614014,-0.12716884911060333,-0.12029126286506653,-0.11341366916894913,-0.10653608292341232,-0.09965849667787552,-0.09278090298175812,-0.08590331673622131,-0.07902573049068451,-0.0721481442451477,-0.0652705505490303,-0.0583929643034935,-0.0515153743326664,-0.04463778808712959,-0.03776019811630249,-0.030882610008120537,-0.024005021899938583,-0.01712743379175663,-0.010249845683574677,-0.0033722573425620794,0.0035053309984505177,0.010382919572293758,0.017260506749153137,0.02413809671998024,0.031015684828162193,0.03789327293634415,0.04477085918188095,0.051648449152708054,0.058526039123535156,0.06540362536907196,0.07228121161460876,0.07915880531072617,0.08603639155626297,0.09291397780179977,0.09979157149791718,0.10666915774345398,0.11354674398899078,0.12042433023452759,0.1273019164800644,0.1341795027256012,0.1410571038722992,0.147934690117836,0.1548122763633728,0.1616898626089096,0.1685674488544464,0.17544503509998322,0.18232262134552002,0.18920022249221802,0.19607780873775482,0.20295539498329163,0.20983298122882843],"_type":"histogram"},"_runtime":2.206187,"_step":250,"epoch":50,"predictions_plot":{"height":480,"_type":"image-file","sha256":"0d20658da66a7a3b954485ce3febc0711adc58371f4f6f5263903c115fee0823","size":36083,"path":"media/images/predictions_plot_250_0d20658da66a7a3b9544.png","format":"png","width":640},"val_loss":0.46520838141441345,"dense_w0_hist":{"_type":"histogram","values":[1,4,4,3,4,1,2,2,4,2,2,3,4,3,0,3,1,2,2,1,1,3,3,3,1,0,1,3,6,0,0,1,1,0,4,5,1,2,0,1,1,1,2,2,3,2,2,1,5,2,1,0,1,1,3,0,2,0,3,5,2,2,0,3],"bins":[-0.21071107685565948,-0.20393261313438416,-0.19715414941310883,-0.1903757005929947,-0.18359723687171936,-0.17681877315044403,-0.1700403094291687,-0.16326184570789337,-0.15648339688777924,-0.1497049331665039,-0.14292646944522858,-0.13614800572395325,-0.12936954200267792,-0.12259108573198318,-0.11581262946128845,-0.10903416574001312,-0.10225570201873779,-0.09547724574804306,-0.08869878202676773,-0.081920325756073,-0.07514186203479767,-0.06836340576410294,-0.061584942042827606,-0.054806482046842575,-0.048028022050857544,-0.041249558329582214,-0.03447109833359718,-0.027692638337612152,-0.02091417834162712,-0.01413571648299694,-0.007357256021350622,-0.0005787953268736601,0.006199665367603302,0.012978126294910908,0.019756587222218513,0.026535047218203545,0.033313509076833725,0.040091969072818756,0.04687042906880379,0.05364888906478882,0.06042735278606415,0.06720580905675888,0.07398427277803421,0.08076273649930954,0.08754119277000427,0.0943196564912796,0.10109811276197433,0.10787657648324966,0.1146550327539444,0.12143349647521973,0.12821196019649506,0.13499042391777039,0.14176887273788452,0.14854733645915985,0.15532580018043518,0.1621042639017105,0.16888272762298584,0.17566117644309998,0.1824396401643753,0.18921810388565063,0.19599656760692596,0.2027750313282013,0.20955348014831543,0.21633194386959076,0.2231104075908661]}}