{"train_loss":0.18488217890262604,"val_loss":0.1580735146999359,"dense_w1_hist":{"_type":"histogram","values":[2,0,0,3,8,1,2,1,1,0,1,0,1,1,4,4,0,0,1,2,0,1,0,0,0,0,0,0,0,0,0,1,0,0,0,0,0,0,0,0,0,0,0,0,1,1,0,0,1,1,3,0,2,5,5,0,0,0,0,1,0,2,4,4],"bins":[-0.22491203248500824,-0.21846021711826324,-0.21200840175151825,-0.20555658638477325,-0.19910477101802826,-0.19265294075012207,-0.18620112538337708,-0.17974931001663208,-0.17329749464988708,-0.1668456792831421,-0.1603938639163971,-0.1539420485496521,-0.1474902331829071,-0.1410384178161621,-0.13458658754825592,-0.12813477218151093,-0.12168295681476593,-0.11523114144802094,-0.10877932608127594,-0.10232751071453094,-0.09587569534778595,-0.08942387253046036,-0.08297205716371536,-0.07652024179697037,-0.07006842643022537,-0.06361661106348038,-0.057164791971445084,-0.05071297287940979,-0.044261157512664795,-0.0378093384206295,-0.031357523053884506,-0.024905705824494362,-0.018453888595104218,-0.012002071365714073,-0.005550254601985216,0.0009015623945742846,0.007353379391133785,0.01380519662052393,0.0202570129185915,0.026708830147981644,0.03316064924001694,0.03961246460676193,0.04606427997350693,0.05251609906554222,0.058967914432287216,0.06541973352432251,0.0718715488910675,0.0783233642578125,0.0847751796245575,0.09122700244188309,0.09767881780862808,0.10413063317537308,0.11058244854211807,0.11703427135944366,0.12348608672618866,0.12993790209293365,0.13638971745967865,0.14284153282642365,0.14929334819316864,0.15574516355991364,0.16219699382781982,0.16864880919456482,0.17510062456130981,0.1815524399280548,0.1880042552947998]},"dense_1_w1_hist":{"values":[0,0,0,0,0,0,0,0,0,0,0,0,0,0,0,0,0,0,0,0,0,0,0,0,0,0,0,0,0,0,0,0,1,0,0,0,0,0,0,0,0,0,0,0,0,0,0,0,0,0,0,0,0,0,0,0,0,0,0,0,0,0,0,0],"bins":[-0.522395670413971,-0.506770670413971,-0.49114564061164856,-0.47552064061164856,-0.45989564061164856,-0.44427064061164856,-0.42864564061164856,-0.41302064061164856,-0.39739564061164856,-0.38177064061164856,-0.36614564061164856,-0.35052064061164856,-0.33489564061164856,-0.31927064061164856,-0.30364564061164856,-0.28802064061164856,-0.27239564061164856,-0.25677064061164856,-0.24114564061164856,-0.22552064061164856,-0.20989564061164856,-0.19427064061164856,-0.17864564061164856,-0.16302064061164856,-0.14739564061164856,-0.13177064061164856,-0.11614564061164856,-0.10052064061164856,-0.08489564061164856,-0.06927064061164856,-0.05364564061164856,-0.03802064061164856,-0.02239564247429371,-0.006770642474293709,0.008854357525706291,0.02447935752570629,0.04010435938835144,0.05572935938835144,0.07135435938835144,0.08697935938835144,0.10260435938835144,0.11822935938835144,0.13385435938835144,0.14947935938835144,0.16510435938835144,0.18072935938835144,0.19635435938835144,0.21197935938835144,0.22760435938835144,0.24322935938835144,0.25885435938835144,0.27447935938835144,0.29010435938835144,0.30572935938835144,0.32135435938835144,0.33697935938835144,0.35260435938835144,0.36822935938835144,0.38385435938835144,0.39947935938835144,0.41510435938835144,0.43072935938835144,0.44635435938835144,0.46197935938835144,0.47760435938835144],"_type":"histogram"},"epoch":50,"_wandb":{"runtime":3},"_step":250,"dense_1_w0_hist":{"values":[1,0,1,0,1,0,0,1,0,1,0,1,1,0,2,0,1,2,4,3,1,1,3,1,1,0,1,1,1,1,2,0,1,1,0,1,1,2,0,0,2,2,1,1,2,1,0,0,0,2,1,0,0,2,1,2,1,3,1,0,1,0,2,1],"bins":[-0.4462289810180664,-0.43352246284484863,-0.42081594467163086,-0.4081094563007355,-0.3954029381275177,-0.3826964199542999,-0.36998990178108215,-0.35728341341018677,-0.344576895236969,-0.3318703770637512,-0.31916385889053345,-0.3064573407173157,-0.2937508523464203,-0.2810443341732025,-0.26833781599998474,-0.25563129782676697,-0.2429247945547104,-0.23021827638149261,-0.21751177310943604,-0.20480525493621826,-0.19209875166416168,-0.1793922334909439,-0.16668573021888733,-0.15397921204566956,-0.14127269387245178,-0.1285661906003952,-0.11585967987775803,-0.10315316915512085,-0.09044665098190308,-0.0777401402592659,-0.06503362953662872,-0.05232711881399155,-0.03962060809135437,-0.026914097368717194,-0.014207584783434868,-0.0015010731294751167,0.011205438524484634,0.02391194924712181,0.036618463695049286,0.04932497441768646,0.06203148514032364,0.07473799586296082,0.08744450658559799,0.10015101730823517,0.11285753548145294,0.12556403875350952,0.1382705569267273,0.15097706019878387,0.16368357837200165,0.17639009654521942,0.189096599817276,0.20180311799049377,0.21450962126255035,0.22721613943576813,0.2399226427078247,0.2526291608810425,0.26533567905426025,0.278042197227478,0.2907486855983734,0.3034552037715912,0.31616172194480896,0.32886824011802673,0.3415747284889221,0.3542812466621399,0.36698776483535767],"_type":"histogram"},"_timestamp":1.748337073220596e+09,"dense_w0_hist":{"bins":[-0.28300777077674866,-0.27400311827659607,-0.2649984657764435,-0.2559938132762909,-0.2469891756772995,-0.2379845231771469,-0.22897987067699432,-0.21997521817684174,-0.21097056567668915,-0.20196591317653656,-0.19296127557754517,-0.18395662307739258,-0.17495197057724,-0.1659473180770874,-0.15694266557693481,-0.14793801307678223,-0.13893336057662964,-0.12992872297763824,-0.12092407047748566,-0.11191941797733307,-0.10291476547718048,-0.09391012042760849,-0.0849054679274559,-0.07590081542730331,-0.06689617037773132,-0.057891517877578735,-0.04888686537742615,-0.03988221660256386,-0.03087756596505642,-0.02187291532754898,-0.012868265621364117,-0.0038636154495179653,0.005141034722328186,0.014145685359835625,0.023150335997343063,0.03215498477220535,0.04115963727235794,0.05016428604722023,0.05916893482208252,0.06817358732223511,0.0771782398223877,0.08618288487195969,0.09518753737211227,0.10419218987226486,0.11319683492183685,0.12220148742198944,0.13120613992214203,0.14021079242229462,0.149215430021286,0.1582200825214386,0.1672247350215912,0.17622938752174377,0.18523404002189636,0.19423869252204895,0.20324334502220154,0.21224798262119293,0.22125263512134552,0.2302572876214981,0.2392619401216507,0.24826659262180328,0.2572712302207947,0.26627588272094727,0.27528053522109985,0.28428518772125244,0.29328984022140503],"_type":"histogram","values":[1,0,2,1,0,0,0,1,0,2,2,2,1,1,1,0,2,1,2,0,0,0,0,6,2,1,3,1,1,0,0,0,0,0,0,0,0,0,0,1,0,0,1,1,3,2,2,1,0,1,0,2,3,1,3,1,1,2,0,2,1,1,0,2]},"_runtime":2.664475,"predictions_plot":{"_type":"image-file","sha256":"00b7e428133c7f00ca8ceb13f00e68626110a455765e4e04709106967276bf6c","size":39600,"path":"media/images/predictions_plot_250_00b7e428133c7f00ca8c.png","format":"png","width":640,"height":480}}