{"dense_w1_hist":{"values":[1,10,0,0,2,12,0,2,1,0,1,1,0,1,0,0,0,0,0,0,0,0,0,0,0,0,0,0,0,0,0,0,0,0,0,0,0,0,0,0,0,0,0,0,0,0,0,0,0,0,0,0,0,0,1,1,5,13,0,0,1,11,0,1],"bins":[-0.04977335035800934,-0.04819849878549576,-0.04662364721298218,-0.0450487956404686,-0.04347394406795502,-0.04189909249544144,-0.040324240922927856,-0.038749389350414276,-0.037174537777900696,-0.03559968248009682,-0.03402483090758324,-0.032449979335069656,-0.030875127762556076,-0.029300276190042496,-0.027725424617528915,-0.026150573045015335,-0.024575721472501755,-0.023000869899988174,-0.021426018327474594,-0.019851166754961014,-0.018276315182447433,-0.016701461747288704,-0.015126610174775124,-0.013551758602261543,-0.011976907029747963,-0.010402055457234383,-0.008827203884720802,-0.007252351380884647,-0.005677499808371067,-0.004102648235857487,-0.002527796197682619,-0.0009529443923383951,0.0006219074130058289,0.002196759218350053,0.003771611023694277,0.0053464630618691444,0.006921314634382725,0.008496166206896305,0.01007101871073246,0.01164587028324604,0.01322072185575962,0.014795573428273201,0.01637042500078678,0.01794527657330036,0.01952013000845909,0.02109498158097267,0.022669833153486252,0.024244684725999832,0.025819536298513412,0.027394387871026993,0.028969239443540573,0.030544091016054153,0.032118942588567734,0.033693794161081314,0.035268645733594894,0.036843497306108475,0.038418352603912354,0.039993204176425934,0.041568055748939514,0.043142907321453094,0.044717758893966675,0.046292610466480255,0.047867462038993835,0.049442313611507416,0.051017165184020996],"_type":"histogram"},"_wandb":{"runtime":3},"dense_1_w0_hist":{"_type":"histogram","values":[1,1,0,2,0,1,1,1,2,4,0,3,3,1,0,2,1,1,1,2,1,1,0,1,1,1,1,0,2,0,0,0,1,1,1,1,0,1,0,0,2,0,1,0,0,2,2,1,0,0,0,2,1,2,1,0,2,0,1,1,1,1,2,2],"bins":[-0.2938731610774994,-0.2842656672000885,-0.2746581733226776,-0.2650507092475891,-0.2554432153701782,-0.24583572149276733,-0.23622824251651764,-0.22662074863910675,-0.21701326966285706,-0.20740577578544617,-0.19779828190803528,-0.18819080293178558,-0.1785833090543747,-0.168975830078125,-0.1593683362007141,-0.14976085722446442,-0.14015336334705353,-0.13054586946964264,-0.12093839049339294,-0.11133090406656265,-0.10172341763973236,-0.09211592376232147,-0.08250843733549118,-0.07290095090866089,-0.0632934644818306,-0.053685978055000305,-0.04407849162817001,-0.03447100147604942,-0.02486351504921913,-0.015256027691066265,-0.005648540332913399,0.003958947025239468,0.013566434383392334,0.023173920810222626,0.03278140723705292,0.04238889738917351,0.0519963838160038,0.06160387024283409,0.07121136039495468,0.08081884682178497,0.09042633324861526,0.10003381967544556,0.10964130610227585,0.11924879252910614,0.12885628640651703,0.13846376538276672,0.1480712592601776,0.1576787382364273,0.1672862321138382,0.17689372599124908,0.18650120496749878,0.19610869884490967,0.20571617782115936,0.21532367169857025,0.22493115067481995,0.23453864455223083,0.24414613842964172,0.2537536323070526,0.2633610963821411,0.272968590259552,0.2825760841369629,0.2921835780143738,0.3017910420894623,0.31139853596687317,0.32100602984428406]},"train_loss":0.3880862593650818,"dense_1_w1_hist":{"bins":[-0.48492953181266785,-0.46930453181266785,-0.45367953181266785,-0.43805453181266785,-0.42242953181266785,-0.40680453181266785,-0.39117953181266785,-0.37555453181266785,-0.35992953181266785,-0.34430453181266785,-0.32867953181266785,-0.31305453181266785,-0.29742953181266785,-0.28180453181266785,-0.26617953181266785,-0.25055453181266785,-0.23492953181266785,-0.21930453181266785,-0.20367953181266785,-0.18805453181266785,-0.17242953181266785,-0.15680453181266785,-0.14117953181266785,-0.12555453181266785,-0.10992953926324844,-0.09430453926324844,-0.07867953926324844,-0.06305453926324844,-0.047429539263248444,-0.031804539263248444,-0.016179539263248444,-0.000554538331925869,0.015070461668074131,0.030695460736751556,0.046320460736751556,0.061945460736751556,0.07757046073675156,0.09319546073675156,0.10882046073675156,0.12444546073675156,0.14007046818733215,0.15569546818733215,0.17132046818733215,0.18694546818733215,0.20257046818733215,0.21819546818733215,0.23382046818733215,0.24944546818733215,0.26507046818733215,0.28069546818733215,0.29632046818733215,0.31194546818733215,0.32757046818733215,0.34319546818733215,0.35882046818733215,0.37444546818733215,0.39007046818733215,0.40569546818733215,0.42132046818733215,0.43694546818733215,0.45257046818733215,0.46819546818733215,0.48382046818733215,0.49944546818733215,0.5150704383850098],"_type":"histogram","values":[0,0,0,0,0,0,0,0,0,0,0,0,0,0,0,0,0,0,0,0,0,0,0,0,0,0,0,0,0,0,0,0,1,0,0,0,0,0,0,0,0,0,0,0,0,0,0,0,0,0,0,0,0,0,0,0,0,0,0,0,0,0,0,0]},"predictions_plot":{"path":"media/images/predictions_plot_250_e0e8342cd79e815fa9b7.png","format":"png","width":640,"height":480,"_type":"image-file","sha256":"e0e8342cd79e815fa9b7bff7c92a6dfe8af71c6752c5070cc71727c48637e5a0","size":35205},"_step":250,"epoch":50,"_timestamp":1.748336564849739e+09,"_runtime":2.764818,"val_loss":0.356629878282547,"dense_w0_hist":{"bins":[-0.3272989094257355,-0.31787940859794617,-0.3084598779678345,-0.29904037714004517,-0.28962084650993347,-0.28020134568214417,-0.27078181505203247,-0.26136231422424316,-0.25194278359413147,-0.24252328276634216,-0.23310376703739166,-0.22368425130844116,-0.21426473557949066,-0.20484521985054016,-0.19542570412158966,-0.18600618839263916,-0.17658667266368866,-0.16716715693473816,-0.15774764120578766,-0.14832812547683716,-0.13890860974788666,-0.12948909401893616,-0.12006958574056625,-0.11065007001161575,-0.10123055428266525,-0.09181103855371475,-0.08239152282476425,-0.07297200709581375,-0.06355249881744385,-0.05413297936320305,-0.04471346735954285,-0.035293951630592346,-0.025874435901641846,-0.016454920172691345,-0.007035406306385994,0.002384108491241932,0.011803623288869858,0.02122313901782036,0.03064265288412571,0.04006216675043106,0.04948168247938156,0.05890119820833206,0.06832071393728256,0.07774022966623306,0.08715973794460297,0.09657925367355347,0.10599876940250397,0.11541828513145447,0.12483780086040497,0.13425731658935547,0.14367683231830597,0.15309634804725647,0.16251586377620697,0.17193537950515747,0.18135489523410797,0.19077441096305847,0.20019391179084778,0.20961342751979828,0.21903294324874878,0.22845245897769928,0.23787197470664978,0.24729149043560028,0.2567110061645508,0.2661305367946625,0.2755500376224518],"_type":"histogram","values":[1,0,0,1,0,0,2,2,1,1,0,0,2,2,1,0,2,1,1,1,0,0,3,1,0,1,1,2,0,1,2,0,1,0,0,0,1,4,5,0,0,3,1,1,1,1,1,1,0,2,1,0,1,1,0,1,0,2,1,0,1,0,0,5]}}