{"_runtime":2.196287,"train_loss":0.5818160772323608,"epoch":50,"_wandb":{"runtime":2},"_timestamp":1.748337083778892e+09,"dense_w0_hist":{"values":[2,2,0,1,1,2,2,2,0,1,1,0,0,1,0,3,0,1,1,0,1,1,0,1,2,1,1,0,4,0,1,0,1,1,3,0,0,0,0,1,1,1,0,1,1,1,3,1,0,0,2,2,2,1,2,2,1,1,0,0,1,1,1,1],"bins":[-0.29102256894111633,-0.2819540500640869,-0.2728855609893799,-0.26381704211235046,-0.25474855303764343,-0.2456800490617752,-0.2366115301847458,-0.22754302620887756,-0.21847452223300934,-0.2094060182571411,-0.2003375142812729,-0.19126901030540466,-0.18220050632953644,-0.1731320023536682,-0.1640634983778,-0.15499499440193176,-0.14592647552490234,-0.13685797154903412,-0.1277894675731659,-0.11872096359729767,-0.10965245962142944,-0.10058395564556122,-0.091515451669693,-0.08244694769382477,-0.07337844371795654,-0.06430993229150772,-0.055241428315639496,-0.04617292433977127,-0.037104420363903046,-0.028035912662744522,-0.018967408686876297,-0.009898902848362923,-0.0008303970098495483,0.008238108828663826,0.0173066146671772,0.026375118643045425,0.03544362634420395,0.044512130320072174,0.0535806342959404,0.06264913827180862,0.07171764969825745,0.08078615367412567,0.0898546576499939,0.09892316162586212,0.10799166560173035,0.11706016957759857,0.1261286735534668,0.13519717752933502,0.14426568150520325,0.15333420038223267,0.1624027043581009,0.17147120833396912,0.18053971230983734,0.18960821628570557,0.1986767202615738,0.20774522423744202,0.21681372821331024,0.22588223218917847,0.2349507361650467,0.2440192550420761,0.25308775901794434,0.26215624809265137,0.2712247669696808,0.2802932560443878,0.28936177492141724],"_type":"histogram"},"dense_w1_hist":{"bins":[-0.006019358057528734,-0.005831442307680845,-0.005643526557832956,-0.005455610807985067,-0.005267695058137178,-0.0050797793082892895,-0.0048918635584414005,-0.004703948274254799,-0.00451603252440691,-0.004328116774559021,-0.004140201024711132,-0.003952285274863243,-0.003764369525015354,-0.003576453775167465,-0.0033885380253195763,-0.0032006222754716873,-0.0030127065256237984,-0.002824791008606553,-0.002636875258758664,-0.002448959508910775,-0.0022610437590628862,-0.0020731280092149973,-0.0018852123757824302,-0.0016972966259345412,-0.001509380992501974,-0.0013214652426540852,-0.0011335494928061962,-0.0009456338011659682,-0.0007577181095257401,-0.0005698023596778512,-0.00038188666803762317,-0.00019397094729356468,-6.0552265495061874e-06,0.0001818604941945523,0.0003697762149386108,0.0005576919065788388,0.0007456076564267278,0.0009335233480669558,0.0011214390397071838,0.0013093547895550728,0.0014972705394029617,0.0016851861728355289,0.0018731019226834178,0.002061017556115985,0.002248933305963874,0.002436849055811763,0.0026247648056596518,0.0028126805555075407,0.003000596072524786,0.003188511822372675,0.003376427572220564,0.003564343322068453,0.0037522590719163418,0.003940174821764231,0.00412809057161212,0.004316006321460009,0.004503922071307898,0.0046918378211557865,0.004879753105342388,0.005067668855190277,0.005255584605038166,0.005443500354886055,0.005631416104733944,0.005819331854581833,0.006007247604429722],"_type":"histogram","values":[10,1,0,0,0,13,1,0,0,0,0,1,0,1,0,0,0,0,0,0,0,0,0,0,0,0,0,0,0,0,0,0,0,0,0,0,0,0,0,0,0,0,0,0,0,0,0,0,0,0,0,0,0,0,0,0,0,0,17,0,0,2,1,17]},"dense_1_w0_hist":{"_type":"histogram","values":[1,1,0,0,2,1,0,0,1,1,0,0,1,1,1,1,2,0,1,2,2,1,1,2,2,0,0,1,0,2,1,1,5,0,2,0,1,2,1,0,1,1,0,1,2,0,2,0,2,1,0,1,2,2,1,1,0,0,1,0,1,2,1,2],"bins":[-0.2954554259777069,-0.28620845079421997,-0.27696147561073303,-0.2677145004272461,-0.25846752524375916,-0.24922055006027222,-0.23997357487678528,-0.23072659969329834,-0.2214796245098114,-0.21223264932632446,-0.20298567414283752,-0.19373869895935059,-0.18449172377586365,-0.1752447485923767,-0.16599777340888977,-0.15675079822540283,-0.1475038230419159,-0.13825684785842896,-0.12900987267494202,-0.11976289749145508,-0.11051592230796814,-0.1012689471244812,-0.09202197194099426,-0.08277499675750732,-0.07352802157402039,-0.06428104639053345,-0.05503407120704651,-0.04578709602355957,-0.03654012084007263,-0.027293145656585693,-0.018046170473098755,-0.008799195289611816,0.00044777989387512207,0.00969475507736206,0.018941730260849,0.028188705444335938,0.037435680627822876,0.046682655811309814,0.05592963099479675,0.06517660617828369,0.07442358136177063,0.08367055654525757,0.0929175317287445,0.10216450691223145,0.11141148209571838,0.12065845727920532,0.12990543246269226,0.1391524076461792,0.14839938282966614,0.15764635801315308,0.16689333319664001,0.17614030838012695,0.1853872835636139,0.19463425874710083,0.20388123393058777,0.2131282091140747,0.22237518429756165,0.23162215948104858,0.24086913466453552,0.25011610984802246,0.2593630850315094,0.26861006021499634,0.2778570353984833,0.2871040105819702,0.29635098576545715]},"dense_1_w1_hist":{"_type":"histogram","values":[0,0,0,0,0,0,0,0,0,0,0,0,0,0,0,0,0,0,0,0,0,0,0,0,0,0,0,0,0,0,0,0,1,0,0,0,0,0,0,0,0,0,0,0,0,0,0,0,0,0,0,0,0,0,0,0,0,0,0,0,0,0,0,0],"bins":[-0.5048925280570984,-0.4892675578594208,-0.4736425578594208,-0.4580175578594208,-0.4423925578594208,-0.4267675578594208,-0.4111425578594208,-0.3955175578594208,-0.3798925578594208,-0.3642675578594208,-0.3486425578594208,-0.3330175578594208,-0.3173925578594208,-0.3017675578594208,-0.2861425578594208,-0.2705175578594208,-0.2548925578594208,-0.23926755785942078,-0.22364255785942078,-0.20801755785942078,-0.19239255785942078,-0.17676755785942078,-0.16114255785942078,-0.14551755785942078,-0.12989255785942078,-0.11426755040884018,-0.09864255040884018,-0.08301755040884018,-0.06739255040884018,-0.05176755040884018,-0.03614255040884018,-0.02051755227148533,-0.004892552271485329,0.010732447728514671,0.02635744772851467,0.04198244959115982,0.05760744959115982,0.07323244959115982,0.08885744959115982,0.10448244959115982,0.12010744959115982,0.13573244214057922,0.15135744214057922,0.16698244214057922,0.18260744214057922,0.19823244214057922,0.21385744214057922,0.22948244214057922,0.24510744214057922,0.2607324421405792,0.2763574421405792,0.2919824421405792,0.3076074421405792,0.3232324421405792,0.3388574421405792,0.3544824421405792,0.3701074421405792,0.3857324421405792,0.4013574421405792,0.4169824421405792,0.4326074421405792,0.4482324421405792,0.4638574421405792,0.4794824421405792,0.4951074421405792]},"val_loss":0.6859331727027893,"predictions_plot":{"sha256":"353b64b4aafda2b065d0bb4e1e6a1ada6b52c416d1bd53b49de0c9cf951d7509","size":33957,"path":"media/images/predictions_plot_250_353b64b4aafda2b065d0.png","format":"png","width":640,"height":480,"_type":"image-file"},"_step":250}