{"val_loss":0.47944074869155884,"dense_1_w0_hist":{"_type":"histogram","values":[3,3,1,0,2,1,3,0,0,1,1,0,1,3,1,0,0,3,2,0,0,2,0,1,1,0,1,1,2,0,1,2,1,2,0,2,1,1,1,0,0,0,0,0,1,0,2,0,0,2,0,3,0,0,0,1,0,0,1,1,3,2,2,2],"bins":[-0.28813204169273376,-0.2787168323993683,-0.2693015933036804,-0.25988638401031494,-0.25047117471694946,-0.2410559505224228,-0.23164072632789612,-0.22222550213336945,-0.21281027793884277,-0.2033950686454773,-0.19397984445095062,-0.18456462025642395,-0.17514941096305847,-0.1657341867685318,-0.15631896257400513,-0.14690375328063965,-0.13748852908611298,-0.1280733048915863,-0.11865808814764023,-0.10924287140369415,-0.09982764720916748,-0.0904124304652214,-0.08099721372127533,-0.07158198952674866,-0.06216677278280258,-0.05275155231356621,-0.043336331844329834,-0.03392111510038376,-0.024505894631147385,-0.015090675093233585,-0.005675455555319786,0.003739763982594013,0.013154983520507812,0.022570203989744186,0.03198542445898056,0.041400641202926636,0.05081586167216301,0.060231082141399384,0.06964629888534546,0.07906152307987213,0.0884767398238182,0.09789195656776428,0.10730718076229095,0.11672239750623703,0.1261376142501831,0.13555283844470978,0.14496806263923645,0.15438327193260193,0.1637984961271286,0.17321372032165527,0.18262892961502075,0.19204415380954742,0.2014593780040741,0.21087458729743958,0.22028981149196625,0.22970503568649292,0.2391202449798584,0.24853546917438507,0.25795069336891174,0.2673659026622772,0.2767811417579651,0.28619635105133057,0.29561156034469604,0.3050267994403839,0.3144420087337494]},"epoch":50,"_wandb":{"runtime":2},"train_loss":0.4255423843860626,"_timestamp":1.7483365748607109e+09,"dense_w0_hist":{"values":[1,1,2,0,3,0,3,1,0,1,0,1,0,0,2,1,0,0,2,1,1,0,2,0,1,1,1,1,3,0,1,0,0,0,3,4,1,0,2,1,1,1,2,0,0,1,2,1,1,0,1,2,0,1,2,1,0,0,2,1,0,2,1,1],"bins":[-0.30587756633758545,-0.296627014875412,-0.2873764634132385,-0.27812591195106506,-0.2688753604888916,-0.25962480902671814,-0.2503742575645447,-0.24112369120121002,-0.23187313973903656,-0.2226225882768631,-0.21337203681468964,-0.20412148535251617,-0.19487091898918152,-0.18562036752700806,-0.1763698160648346,-0.16711926460266113,-0.15786871314048767,-0.1486181616783142,-0.13936761021614075,-0.13011705875396729,-0.12086649984121323,-0.11161594837903976,-0.1023653894662857,-0.09311483800411224,-0.08386428654193878,-0.07461373507976532,-0.06536318361759186,-0.0561126247048378,-0.04686207324266434,-0.037611521780490875,-0.028360966593027115,-0.019110413268208504,-0.009859859943389893,-0.0006093066185712814,0.00864124670624733,0.01789180003106594,0.027142353355884552,0.036392904818058014,0.045643460005521774,0.054894015192985535,0.064144566655159,0.07339511811733246,0.08264566957950592,0.09189622849225998,0.10114677995443344,0.1103973314166069,0.11964789032936096,0.12889844179153442,0.13814899325370789,0.14739954471588135,0.1566500961780548,0.16590064764022827,0.17515119910240173,0.1844017654657364,0.19365231692790985,0.2029028683900833,0.21215341985225677,0.22140397131443024,0.2306545227766037,0.23990507423877716,0.24915564060211182,0.2584061920642853,0.26765674352645874,0.2769072949886322,0.28615784645080566],"_type":"histogram"},"dense_w1_hist":{"bins":[-0.029843123629689217,-0.028927015140652657,-0.028010904788970947,-0.027094796299934387,-0.026178687810897827,-0.025262577459216118,-0.024346468970179558,-0.02343035861849785,-0.02251425012946129,-0.02159814164042473,-0.02068203128874302,-0.01976592279970646,-0.01884981244802475,-0.01793370395898819,-0.01701759546995163,-0.01610148511826992,-0.01518537662923336,-0.014269267208874226,-0.013353157788515091,-0.012437049299478531,-0.011520939879119396,-0.010604830458760262,-0.009688721969723701,-0.008772612549364567,-0.007856503129005432,-0.0069403937086462975,-0.00602428475394845,-0.005108175799250603,-0.004192066378891468,-0.003275957191362977,-0.002359848003834486,-0.001443738816305995,-0.000527629628777504,0.00038847955875098705,0.001304588746279478,0.002220697933807969,0.00313680712133646,0.004052916541695595,0.004969025496393442,0.0058851344510912895,0.006801243871450424,0.007717353291809559,0.008633462712168694,0.009549571201205254,0.010465680621564388,0.011381790041923523,0.012297898530960083,0.013214007951319218,0.014130117371678352,0.015046226792037487,0.01596233621239662,0.016878444701433182,0.017794553190469742,0.01871066354215145,0.01962677203118801,0.02054288238286972,0.02145899087190628,0.02237509936094284,0.02329120971262455,0.02420731820166111,0.02512342855334282,0.02603953704237938,0.02695564553141594,0.02787175588309765,0.02878786437213421],"_type":"histogram","values":[14,1,0,0,1,1,14,0,1,0,1,0,1,0,0,0,0,0,0,0,0,0,0,0,0,0,0,0,0,0,0,0,0,1,0,0,0,0,0,0,0,0,0,0,0,0,0,0,0,0,0,0,0,0,1,0,0,3,11,0,0,0,1,13]},"dense_1_w1_hist":{"bins":[-0.49433666467666626,-0.47871166467666626,-0.46308666467666626,-0.44746166467666626,-0.43183666467666626,-0.41621166467666626,-0.40058666467666626,-0.38496166467666626,-0.36933666467666626,-0.35371166467666626,-0.33808666467666626,-0.32246166467666626,-0.30683666467666626,-0.29121166467666626,-0.27558666467666626,-0.25996166467666626,-0.24433666467666626,-0.22871166467666626,-0.21308666467666626,-0.19746166467666626,-0.18183666467666626,-0.16621166467666626,-0.15058666467666626,-0.13496166467666626,-0.11933666467666626,-0.10371166467666626,-0.08808666467666626,-0.07246166467666626,-0.05683666095137596,-0.04121166095137596,-0.02558666281402111,-0.00996166281402111,0.005663337651640177,0.02128833718597889,0.03691333904862404,0.05253833904862404,0.06816333532333374,0.08378833532333374,0.09941333532333374,0.11503833532333374,0.13066333532333374,0.14628833532333374,0.16191333532333374,0.17753833532333374,0.19316333532333374,0.20878833532333374,0.22441333532333374,0.24003833532333374,0.25566333532333374,0.27128833532333374,0.28691333532333374,0.30253833532333374,0.31816333532333374,0.33378833532333374,0.34941333532333374,0.36503833532333374,0.38066333532333374,0.39628833532333374,0.41191333532333374,0.42753833532333374,0.44316333532333374,0.45878833532333374,0.47441333532333374,0.49003833532333374,0.5056633353233337],"_type":"histogram","values":[0,0,0,0,0,0,0,0,0,0,0,0,0,0,0,0,0,0,0,0,0,0,0,0,0,0,0,0,0,0,0,0,1,0,0,0,0,0,0,0,0,0,0,0,0,0,0,0,0,0,0,0,0,0,0,0,0,0,0,0,0,0,0,0]},"_runtime":2.204197,"predictions_plot":{"path":"media/images/predictions_plot_250_6b667a3fe2706c8b17b9.png","format":"png","width":640,"height":480,"_type":"image-file","sha256":"6b667a3fe2706c8b17b9a02e74e0c494bd5dc31de7b3c4dc230c6849c6210261","size":33772},"_step":250}